-- Test data listings file, migrated using script migrate-hivedb-data, migrations hash: 12794058f81fa2149227c2e268dc1893
-- README
-- Test data generated by 'test_generate_listings_03_sql' from Etsy test case 'listings_03'
-- END OF README -- The comments in this README section will be preserved by test data migration script.--

--
-- PostgreSQL database dump
--

-- Dumped from database version 9.5.9
-- Dumped by pg_dump version 9.5.9

SET statement_timeout = 0;
SET lock_timeout = 0;
SET client_encoding = 'UTF8';
SET standard_conforming_strings = on;
SET check_function_bodies = false;
SET client_min_messages = warning;

SET search_path = public, pg_catalog;
BEGIN TRANSACTION;
TRUNCATE accounts CASCADE;
TRUNCATE aggregates CASCADE;
TRUNCATE attributes CASCADE;
TRUNCATE channels CASCADE;
TRUNCATE images CASCADE;
TRUNCATE pgmigrations CASCADE;
TRUNCATE product_offering_options CASCADE;
TRUNCATE product_offerings CASCADE;
TRUNCATE product_properties CASCADE;
TRUNCATE shopify_products CASCADE;
TRUNCATE shops CASCADE;
TRUNCATE shop_sections CASCADE;
TRUNCATE sync_shop CASCADE;
TRUNCATE task_queue CASCADE;
TRUNCATE user_profiles CASCADE;
TRUNCATE variation_options CASCADE;
TRUNCATE variations CASCADE;
TRUNCATE vela_images CASCADE;


--
-- Name: account_id_seq; Type: SEQUENCE SET; Schema: public; Owner: hive_qa
--

SELECT pg_catalog.setval('account_id_seq', 2, true);


--
-- Data for Name: channels; Type: TABLE DATA; Schema: public; Owner: hive_qa
--

COPY channels (id, name) FROM stdin;
1	Etsy
2	Shopify
\.


--
-- Data for Name: accounts; Type: TABLE DATA; Schema: public; Owner: hive_qa
--

COPY accounts (id, channel_id, company_id, oauth_token, oauth_token_secret) FROM stdin;
2	1	1	MyAccesToken1	MyAccessTokenSecret1
\.


--
-- Data for Name: shops; Type: TABLE DATA; Schema: public; Owner: hive_qa
--

COPY shops (id, account_id, name, channel_shop_id, sync_status, to_download, downloaded, to_upload, uploaded, rabbit, last_sync_timestamp, invalid, error, inventory, applying_operations, to_apply, applied, channel_user_id, domain, created_at) FROM stdin;
2	2	GetvelaTest2	14458117	up_to_date	0	0	0	0	f	2017-01-01 01:00:00+01	f	\N	t	f	0	0	106321453	\N	\N
\.


--
-- Data for Name: aggregates; Type: TABLE DATA; Schema: public; Owner: hive_qa
--

COPY aggregates (shop_id, message_id, status, message, parent_message_id, deleted) FROM stdin;
\.


--
-- Data for Name: product_properties; Type: TABLE DATA; Schema: public; Owner: hive_qa
--

COPY product_properties (id, shop_id, _hive_is_invalid, _hive_invalid_reason, listing_id, state, modified_by_hive, last_modified_tsz, _hive_last_modified_tsz, photos, title, description, creation_tsz, ending_tsz, price, quantity, state_tsz, taxonomy_id, section_id, tags, materials, _hive_on_new_schema, _hive_changed_properties, _hive_last_sync, can_write_inventory) FROM stdin;
86	2	f	\N	100086	active	\N	2015-12-16 13:34:43+01	2017-01-01 01:00:00+01	{5}	Second something 1235 (86)	invisible gloves	2015-03-15 22:03:29+01	2018-01-04 09:42:25+01	515	1	2017-09-04 09:42:25+02	451	\N	{Tag01}	{cotton}	t	{}	2018-01-03 17:15:27+01	t
93	2	f	\N	100093	active	\N	2015-12-16 13:34:43+01	2017-01-01 01:00:00+01	{2}	Third something LG-512a (93)	invisible gloves	2015-03-15 22:03:29+01	2018-01-04 09:44:14+01	515	1	2017-09-04 09:44:14+02	443	\N	{Tag01}	{cotton}	t	{}	2018-01-03 17:15:31+01	t
90	2	f	\N	100090	active	\N	2015-12-16 13:34:43+01	2017-01-01 01:00:00+01	{4}	Sixth something (90)	invisible gloves	2015-03-15 22:03:29+01	2018-01-04 09:48:16+01	515	1	2017-09-04 09:48:16+02	465	\N	{"Tag03 looong name"}	{iron}	t	{}	2018-01-03 17:15:35+01	t
99	2	f	\N	100099	active	\N	2015-12-16 13:34:43+01	2017-01-01 01:00:00+01	{2}	Third something LG-512a (99)	invisible gloves	2015-03-15 22:03:29+01	2018-01-04 09:44:14+01	515	1	2017-09-04 09:44:14+02	443	\N	{Tag01}	{cotton}	t	{}	2018-01-03 17:15:39+01	t
88	2	f	\N	100088	active	\N	2015-12-16 13:34:43+01	2017-01-01 01:00:00+01	{3}	Forth something 123456 (88)	invisible gloves	2015-03-15 22:03:29+01	2018-01-04 09:45:40+01	515	1	2017-09-04 09:45:40+02	1217	\N	{Tag02}	{plastic}	t	{}	2018-01-03 17:15:28+01	t
95	2	f	\N	100095	active	\N	2015-12-16 13:34:43+01	2017-01-01 01:00:00+01	{6}	Fifth something (95)	invisible gloves	2015-03-15 22:03:29+01	2018-01-04 09:46:37+01	515	1	2017-09-04 09:46:37+02	465	\N	{Tag02}	{iron}	t	{}	2018-01-03 17:15:32+01	t
98	2	f	\N	100098	active	\N	2015-12-16 13:34:43+01	2017-01-01 01:00:00+01	{5}	Second something 1235 (98)	invisible gloves	2015-03-15 22:03:29+01	2018-01-04 09:42:25+01	515	1	2017-09-04 09:42:25+02	451	\N	{Tag01}	{cotton}	t	{}	2018-01-03 17:15:36+01	t
100	2	f	\N	100100	active	\N	2015-12-16 13:34:43+01	2017-01-01 01:00:00+01	{3}	Forth something 123456 (100)	invisible gloves	2015-03-15 22:03:29+01	2018-01-04 09:45:40+01	515	1	2017-09-04 09:45:40+02	1217	\N	{Tag02}	{plastic}	t	{}	2018-01-03 17:15:40+01	t
87	2	f	\N	100087	active	\N	2015-12-16 13:34:43+01	2017-01-01 01:00:00+01	{2}	Third something LG-512a (87)	invisible gloves	2015-03-15 22:03:29+01	2018-01-04 09:44:14+01	515	1	2017-09-04 09:44:14+02	443	\N	{Tag01}	{cotton}	t	{}	2018-01-03 17:15:29+01	t
94	2	f	\N	100094	active	\N	2015-12-16 13:34:43+01	2017-01-01 01:00:00+01	{3}	Forth something 123456 (94)	invisible gloves	2015-03-15 22:03:29+01	2018-01-04 09:45:40+01	515	1	2017-09-04 09:45:40+02	1217	\N	{Tag02}	{plastic}	t	{}	2018-01-03 17:15:33+01	t
96	2	f	\N	100096	active	\N	2015-12-16 13:34:43+01	2017-01-01 01:00:00+01	{4}	Sixth something (96)	invisible gloves	2015-03-15 22:03:29+01	2018-01-04 09:48:16+01	515	1	2017-09-04 09:48:16+02	465	\N	{"Tag03 looong name"}	{iron}	t	{}	2018-01-03 17:15:37+01	t
101	2	f	\N	100101	active	\N	2015-12-16 13:34:43+01	2017-01-01 01:00:00+01	{6}	Fifth something (101)	invisible gloves	2015-03-15 22:03:29+01	2018-01-04 09:46:37+01	515	1	2017-09-04 09:46:37+02	465	\N	{Tag02}	{iron}	t	{}	2018-01-03 17:15:41+01	t
91	2	f	\N	100091	active	\N	2015-12-16 13:34:43+01	2017-01-01 01:00:00+01	{1}	First something 1234 (91)	invisible gloves	2015-03-15 22:03:29+01	2018-01-01 15:31:00+01	515	1	2017-09-01 15:31:00+02	451	\N	{Tag01}	{wool}	t	{}	2018-01-03 17:15:30+01	t
92	2	f	\N	100092	active	\N	2015-12-16 13:34:43+01	2017-01-01 01:00:00+01	{5}	Second something 1235 (92)	invisible gloves	2015-03-15 22:03:29+01	2018-01-04 09:42:25+01	515	1	2017-09-04 09:42:25+02	451	\N	{Tag01}	{cotton}	t	{}	2018-01-03 17:15:34+01	t
1	2	f	\N	100001	active	\N	2015-12-16 13:34:43+01	2017-01-01 01:00:00+01	{1}	First something 1234 (1)	invisible gloves	2015-03-15 22:03:29+01	2018-01-01 15:31:00+01	515	1	2017-09-01 15:31:00+02	451	\N	{Tag01}	{wool}	t	{}	2018-01-03 17:13:58+01	t
2	2	f	\N	100002	active	\N	2015-12-16 13:34:43+01	2017-01-01 01:00:00+01	{5}	Second something 1235 (2)	invisible gloves	2015-03-15 22:03:29+01	2018-01-04 09:42:25+01	515	1	2017-09-04 09:42:25+02	451	\N	{Tag01}	{cotton}	t	{}	2018-01-03 17:14:02+01	t
11	2	f	\N	100011	active	\N	2015-12-16 13:34:43+01	2017-01-01 01:00:00+01	{6}	Fifth something (11)	invisible gloves	2015-03-15 22:03:29+01	2018-01-04 09:46:37+01	515	1	2017-09-04 09:46:37+02	465	\N	{Tag02}	{iron}	t	{}	2018-01-03 17:14:06+01	t
14	2	f	\N	100014	active	\N	2015-12-16 13:34:43+01	2017-01-01 01:00:00+01	{5}	Second something 1235 (14)	invisible gloves	2015-03-15 22:03:29+01	2018-01-04 09:42:25+01	515	1	2017-09-04 09:42:25+02	451	\N	{Tag01}	{cotton}	t	{}	2018-01-03 17:14:10+01	t
21	2	f	\N	100021	active	\N	2015-12-16 13:34:43+01	2017-01-01 01:00:00+01	{2}	Third something LG-512a (21)	invisible gloves	2015-03-15 22:03:29+01	2018-01-04 09:44:14+01	515	1	2017-09-04 09:44:14+02	443	\N	{Tag01}	{cotton}	t	{}	2018-01-03 17:14:15+01	t
19	2	f	\N	100019	active	\N	2015-12-16 13:34:43+01	2017-01-01 01:00:00+01	{1}	First something 1234 (19)	invisible gloves	2015-03-15 22:03:29+01	2018-01-01 15:31:00+01	515	1	2017-09-01 15:31:00+02	451	\N	{Tag01}	{wool}	t	{}	2018-01-03 17:14:19+01	t
23	2	f	\N	100023	active	\N	2015-12-16 13:34:43+01	2017-01-01 01:00:00+01	{6}	Fifth something (23)	invisible gloves	2015-03-15 22:03:29+01	2018-01-04 09:46:37+01	515	1	2017-09-04 09:46:37+02	465	\N	{Tag02}	{iron}	t	{}	2018-01-03 17:14:23+01	t
97	2	f	\N	100097	active	\N	2015-12-16 13:34:43+01	2017-01-01 01:00:00+01	{1}	First something 1234 (97)	invisible gloves	2015-03-15 22:03:29+01	2018-01-01 15:31:00+01	515	1	2017-09-01 15:31:00+02	451	\N	{Tag01}	{wool}	t	{}	2018-01-03 17:15:38+01	t
102	2	f	\N	100102	active	\N	2015-12-16 13:34:43+01	2017-01-01 01:00:00+01	{4}	Sixth something (102)	invisible gloves	2015-03-15 22:03:29+01	2018-01-04 09:48:16+01	515	1	2017-09-04 09:48:16+02	465	\N	{"Tag03 looong name"}	{iron}	t	{}	2018-01-03 17:15:42+01	t
3	2	f	\N	100003	active	\N	2015-12-16 13:34:43+01	2017-01-01 01:00:00+01	{2}	Third something LG-512a (3)	invisible gloves	2015-03-15 22:03:29+01	2018-01-04 09:44:14+01	515	1	2017-09-04 09:44:14+02	443	\N	{Tag01}	{cotton}	t	{}	2018-01-03 17:13:59+01	t
7	2	f	\N	100007	active	\N	2015-12-16 13:34:43+01	2017-01-01 01:00:00+01	{1}	First something 1234 (7)	invisible gloves	2015-03-15 22:03:29+01	2018-01-01 15:31:00+01	515	1	2017-09-01 15:31:00+02	451	\N	{Tag01}	{wool}	t	{}	2018-01-03 17:14:03+01	t
9	2	f	\N	100010	active	\N	2015-12-16 13:34:43+01	2017-01-01 01:00:00+01	{3}	Forth something 123456 (10)	invisible gloves	2015-03-15 22:03:29+01	2018-01-04 09:45:40+01	515	1	2017-09-04 09:45:40+02	1217	\N	{Tag02}	{plastic}	t	{}	2018-01-03 17:14:07+01	t
15	2	f	\N	100015	active	\N	2015-12-16 13:34:43+01	2017-01-01 01:00:00+01	{2}	Third something LG-512a (15)	invisible gloves	2015-03-15 22:03:29+01	2018-01-04 09:44:14+01	515	1	2017-09-04 09:44:14+02	443	\N	{Tag01}	{cotton}	t	{}	2018-01-03 17:14:11+01	t
18	2	f	\N	100018	active	\N	2015-12-16 13:34:43+01	2017-01-01 01:00:00+01	{4}	Sixth something (18)	invisible gloves	2015-03-15 22:03:29+01	2018-01-04 09:48:16+01	515	1	2017-09-04 09:48:16+02	465	\N	{"Tag03 looong name"}	{iron}	t	{}	2018-01-03 17:14:16+01	t
17	2	f	\N	100017	active	\N	2015-12-16 13:34:43+01	2017-01-01 01:00:00+01	{6}	Fifth something (17)	invisible gloves	2015-03-15 22:03:29+01	2018-01-04 09:46:37+01	515	1	2017-09-04 09:46:37+02	465	\N	{Tag02}	{iron}	t	{}	2018-01-03 17:14:20+01	t
25	2	f	\N	100025	active	\N	2015-12-16 13:34:43+01	2017-01-01 01:00:00+01	{1}	First something 1234 (25)	invisible gloves	2015-03-15 22:03:29+01	2018-01-01 15:31:00+01	515	1	2017-09-01 15:31:00+02	451	\N	{Tag01}	{wool}	t	{}	2018-01-03 17:14:24+01	t
8	2	f	\N	100009	active	\N	2015-12-16 13:34:43+01	2017-01-01 01:00:00+01	{2}	Third something LG-512a (9)	invisible gloves	2015-03-15 22:03:29+01	2018-01-04 09:44:14+01	515	1	2017-09-04 09:44:14+02	443	\N	{Tag01}	{cotton}	t	{}	2018-01-03 17:14:09+01	t
13	2	f	\N	100013	active	\N	2015-12-16 13:34:43+01	2017-01-01 01:00:00+01	{1}	First something 1234 (13)	invisible gloves	2015-03-15 22:03:29+01	2018-01-01 15:31:00+01	515	1	2017-09-01 15:31:00+02	451	\N	{Tag01}	{wool}	t	{}	2018-01-03 17:14:14+01	t
22	2	f	\N	100022	active	\N	2015-12-16 13:34:43+01	2017-01-01 01:00:00+01	{3}	Forth something 123456 (22)	invisible gloves	2015-03-15 22:03:29+01	2018-01-04 09:45:40+01	515	1	2017-09-04 09:45:40+02	1217	\N	{Tag02}	{plastic}	t	{}	2018-01-03 17:14:18+01	t
26	2	f	\N	100026	active	\N	2015-12-16 13:34:43+01	2017-01-01 01:00:00+01	{5}	Second something 1235 (26)	invisible gloves	2015-03-15 22:03:29+01	2018-01-04 09:42:25+01	515	1	2017-09-04 09:42:25+02	451	\N	{Tag01}	{cotton}	t	{}	2018-01-03 17:14:22+01	t
30	2	f	\N	100030	active	\N	2015-12-16 13:34:43+01	2017-01-01 01:00:00+01	{4}	Sixth something (30)	invisible gloves	2015-03-15 22:03:29+01	2018-01-04 09:48:16+01	515	1	2017-09-04 09:48:16+02	465	\N	{"Tag03 looong name"}	{iron}	t	{}	2018-01-03 17:14:26+01	t
32	2	f	\N	100032	active	\N	2015-12-16 13:34:43+01	2017-01-01 01:00:00+01	{5}	Second something 1235 (32)	invisible gloves	2015-03-15 22:03:29+01	2018-01-04 09:42:25+01	515	1	2017-09-04 09:42:25+02	451	\N	{Tag01}	{cotton}	t	{}	2018-01-03 17:14:27+01	t
27	2	f	\N	100027	active	\N	2015-12-16 13:34:43+01	2017-01-01 01:00:00+01	{2}	Third something LG-512a (27)	invisible gloves	2015-03-15 22:03:29+01	2018-01-04 09:44:14+01	515	1	2017-09-04 09:44:14+02	443	\N	{Tag01}	{cotton}	t	{}	2018-01-03 17:14:28+01	t
28	2	f	\N	100028	active	\N	2015-12-16 13:34:43+01	2017-01-01 01:00:00+01	{3}	Forth something 123456 (28)	invisible gloves	2015-03-15 22:03:29+01	2018-01-04 09:45:40+01	515	1	2017-09-04 09:45:40+02	1217	\N	{Tag02}	{plastic}	t	{}	2018-01-03 17:14:29+01	t
29	2	f	\N	100029	active	\N	2015-12-16 13:34:43+01	2017-01-01 01:00:00+01	{6}	Fifth something (29)	invisible gloves	2015-03-15 22:03:29+01	2018-01-04 09:46:37+01	515	1	2017-09-04 09:46:37+02	465	\N	{Tag02}	{iron}	t	{}	2018-01-03 17:14:30+01	t
35	2	f	\N	100035	active	\N	2015-12-16 13:34:43+01	2017-01-01 01:00:00+01	{6}	Fifth something (35)	invisible gloves	2015-03-15 22:03:29+01	2018-01-04 09:46:37+01	515	1	2017-09-04 09:46:37+02	465	\N	{Tag02}	{iron}	t	{}	2018-01-03 17:14:31+01	t
34	2	f	\N	100034	active	\N	2015-12-16 13:34:43+01	2017-01-01 01:00:00+01	{3}	Forth something 123456 (34)	invisible gloves	2015-03-15 22:03:29+01	2018-01-04 09:45:40+01	515	1	2017-09-04 09:45:40+02	1217	\N	{Tag02}	{plastic}	t	{}	2018-01-03 17:14:32+01	t
33	2	f	\N	100033	active	\N	2015-12-16 13:34:43+01	2017-01-01 01:00:00+01	{2}	Third something LG-512a (33)	invisible gloves	2015-03-15 22:03:29+01	2018-01-04 09:44:14+01	515	1	2017-09-04 09:44:14+02	443	\N	{Tag01}	{cotton}	t	{}	2018-01-03 17:14:33+01	t
36	2	f	\N	100036	active	\N	2015-12-16 13:34:43+01	2017-01-01 01:00:00+01	{4}	Sixth something (36)	invisible gloves	2015-03-15 22:03:29+01	2018-01-04 09:48:16+01	515	1	2017-09-04 09:48:16+02	465	\N	{"Tag03 looong name"}	{iron}	t	{}	2018-01-03 17:14:34+01	t
41	2	f	\N	100041	active	\N	2015-12-16 13:34:43+01	2017-01-01 01:00:00+01	{6}	Fifth something (41)	invisible gloves	2015-03-15 22:03:29+01	2018-01-04 09:46:37+01	515	1	2017-09-04 09:46:37+02	465	\N	{Tag02}	{iron}	t	{}	2018-01-03 17:14:35+01	t
38	2	f	\N	100038	active	\N	2015-12-16 13:34:43+01	2017-01-01 01:00:00+01	{5}	Second something 1235 (38)	invisible gloves	2015-03-15 22:03:29+01	2018-01-04 09:42:25+01	515	1	2017-09-04 09:42:25+02	451	\N	{Tag01}	{cotton}	t	{}	2018-01-03 17:14:36+01	t
42	2	f	\N	100042	active	\N	2015-12-16 13:34:43+01	2017-01-01 01:00:00+01	{4}	Sixth something (42)	invisible gloves	2015-03-15 22:03:29+01	2018-01-04 09:48:16+01	515	1	2017-09-04 09:48:16+02	465	\N	{"Tag03 looong name"}	{iron}	t	{}	2018-01-03 17:14:37+01	t
40	2	f	\N	100039	active	\N	2015-12-16 13:34:43+01	2017-01-01 01:00:00+01	{2}	Third something LG-512a (39)	invisible gloves	2015-03-15 22:03:29+01	2018-01-04 09:44:14+01	515	1	2017-09-04 09:44:14+02	443	\N	{Tag01}	{cotton}	t	{}	2018-01-03 17:14:38+01	t
37	2	f	\N	100037	active	\N	2015-12-16 13:34:43+01	2017-01-01 01:00:00+01	{1}	First something 1234 (37)	invisible gloves	2015-03-15 22:03:29+01	2018-01-01 15:31:00+01	515	1	2017-09-01 15:31:00+02	451	\N	{Tag01}	{wool}	t	{}	2018-01-03 17:14:39+01	t
39	2	f	\N	100040	active	\N	2015-12-16 13:34:43+01	2017-01-01 01:00:00+01	{3}	Forth something 123456 (40)	invisible gloves	2015-03-15 22:03:29+01	2018-01-04 09:45:40+01	515	1	2017-09-04 09:45:40+02	1217	\N	{Tag02}	{plastic}	t	{}	2018-01-03 17:14:40+01	t
43	2	f	\N	100043	active	\N	2015-12-16 13:34:43+01	2017-01-01 01:00:00+01	{1}	First something 1234 (43)	invisible gloves	2015-03-15 22:03:29+01	2018-01-01 15:31:00+01	515	1	2017-09-01 15:31:00+02	451	\N	{Tag01}	{wool}	t	{}	2018-01-03 17:14:41+01	t
44	2	f	\N	100044	active	\N	2015-12-16 13:34:43+01	2017-01-01 01:00:00+01	{5}	Second something 1235 (44)	invisible gloves	2015-03-15 22:03:29+01	2018-01-04 09:42:25+01	515	1	2017-09-04 09:42:25+02	451	\N	{Tag01}	{cotton}	t	{}	2018-01-03 17:14:42+01	t
45	2	f	\N	100045	active	\N	2015-12-16 13:34:43+01	2017-01-01 01:00:00+01	{2}	Third something LG-512a (45)	invisible gloves	2015-03-15 22:03:29+01	2018-01-04 09:44:14+01	515	1	2017-09-04 09:44:14+02	443	\N	{Tag01}	{cotton}	t	{}	2018-01-03 17:14:43+01	t
46	2	f	\N	100046	active	\N	2015-12-16 13:34:43+01	2017-01-01 01:00:00+01	{3}	Forth something 123456 (46)	invisible gloves	2015-03-15 22:03:29+01	2018-01-04 09:45:40+01	515	1	2017-09-04 09:45:40+02	1217	\N	{Tag02}	{plastic}	t	{}	2018-01-03 17:14:45+01	t
4	2	f	\N	100004	active	\N	2015-12-16 13:34:43+01	2017-01-01 01:00:00+01	{3}	Forth something 123456 (4)	invisible gloves	2015-03-15 22:03:29+01	2018-01-04 09:45:40+01	515	1	2017-09-04 09:45:40+02	1217	\N	{Tag02}	{plastic}	t	{}	2018-01-03 17:14:00+01	t
5	2	f	\N	100005	active	\N	2015-12-16 13:34:43+01	2017-01-01 01:00:00+01	{6}	Fifth something (5)	invisible gloves	2015-03-15 22:03:29+01	2018-01-04 09:46:37+01	515	1	2017-09-04 09:46:37+02	465	\N	{Tag02}	{iron}	t	{}	2018-01-03 17:14:04+01	t
10	2	f	\N	100008	active	\N	2015-12-16 13:34:43+01	2017-01-01 01:00:00+01	{5}	Second something 1235 (8)	invisible gloves	2015-03-15 22:03:29+01	2018-01-04 09:42:25+01	515	1	2017-09-04 09:42:25+02	451	\N	{Tag01}	{cotton}	t	{}	2018-01-03 17:14:08+01	t
16	2	f	\N	100016	active	\N	2015-12-16 13:34:43+01	2017-01-01 01:00:00+01	{3}	Forth something 123456 (16)	invisible gloves	2015-03-15 22:03:29+01	2018-01-04 09:45:40+01	515	1	2017-09-04 09:45:40+02	1217	\N	{Tag02}	{plastic}	t	{}	2018-01-03 17:14:12+01	t
20	2	f	\N	100020	active	\N	2015-12-16 13:34:43+01	2017-01-01 01:00:00+01	{5}	Second something 1235 (20)	invisible gloves	2015-03-15 22:03:29+01	2018-01-04 09:42:25+01	515	1	2017-09-04 09:42:25+02	451	\N	{Tag01}	{cotton}	t	{}	2018-01-03 17:14:17+01	t
24	2	f	\N	100024	active	\N	2015-12-16 13:34:43+01	2017-01-01 01:00:00+01	{4}	Sixth something (24)	invisible gloves	2015-03-15 22:03:29+01	2018-01-04 09:48:16+01	515	1	2017-09-04 09:48:16+02	465	\N	{"Tag03 looong name"}	{iron}	t	{}	2018-01-03 17:14:21+01	t
31	2	f	\N	100031	active	\N	2015-12-16 13:34:43+01	2017-01-01 01:00:00+01	{1}	First something 1234 (31)	invisible gloves	2015-03-15 22:03:29+01	2018-01-01 15:31:00+01	515	1	2017-09-01 15:31:00+02	451	\N	{Tag01}	{wool}	t	{}	2018-01-03 17:14:25+01	t
6	2	f	\N	100006	active	\N	2015-12-16 13:34:43+01	2017-01-01 01:00:00+01	{4}	Sixth something (6)	invisible gloves	2015-03-15 22:03:29+01	2018-01-04 09:48:16+01	515	1	2017-09-04 09:48:16+02	465	\N	{"Tag03 looong name"}	{iron}	t	{}	2018-01-03 17:14:01+01	t
12	2	f	\N	100012	active	\N	2015-12-16 13:34:43+01	2017-01-01 01:00:00+01	{4}	Sixth something (12)	invisible gloves	2015-03-15 22:03:29+01	2018-01-04 09:48:16+01	515	1	2017-09-04 09:48:16+02	465	\N	{"Tag03 looong name"}	{iron}	t	{}	2018-01-03 17:14:05+01	t
51	2	f	\N	100051	active	\N	2015-12-16 13:34:43+01	2017-01-01 01:00:00+01	{2}	Third something LG-512a (51)	invisible gloves	2015-03-15 22:03:29+01	2018-01-04 09:44:14+01	515	1	2017-09-04 09:44:14+02	443	\N	{Tag01}	{cotton}	t	{}	2018-01-03 17:14:46+01	t
49	2	f	\N	100049	active	\N	2015-12-16 13:34:43+01	2017-01-01 01:00:00+01	{1}	First something 1234 (49)	invisible gloves	2015-03-15 22:03:29+01	2018-01-01 15:31:00+01	515	1	2017-09-01 15:31:00+02	451	\N	{Tag01}	{wool}	t	{}	2018-01-03 17:14:50+01	t
55	2	f	\N	100055	active	\N	2015-12-16 13:34:43+01	2017-01-01 01:00:00+01	{1}	First something 1234 (55)	invisible gloves	2015-03-15 22:03:29+01	2018-01-01 15:31:00+01	515	1	2017-09-01 15:31:00+02	451	\N	{Tag01}	{wool}	t	{}	2018-01-03 17:14:54+01	t
57	2	f	\N	100057	active	\N	2015-12-16 13:34:43+01	2017-01-01 01:00:00+01	{2}	Third something LG-512a (57)	invisible gloves	2015-03-15 22:03:29+01	2018-01-04 09:44:14+01	515	1	2017-09-04 09:44:14+02	443	\N	{Tag01}	{cotton}	t	{}	2018-01-03 17:14:58+01	t
64	2	f	\N	100064	active	\N	2015-12-16 13:34:43+01	2017-01-01 01:00:00+01	{3}	Forth something 123456 (64)	invisible gloves	2015-03-15 22:03:29+01	2018-01-04 09:45:40+01	515	1	2017-09-04 09:45:40+02	1217	\N	{Tag02}	{plastic}	t	{}	2018-01-03 17:15:02+01	t
70	2	f	\N	100070	active	\N	2015-12-16 13:34:43+01	2017-01-01 01:00:00+01	{3}	Forth something 123456 (70)	invisible gloves	2015-03-15 22:03:29+01	2018-01-04 09:45:40+01	515	1	2017-09-04 09:45:40+02	1217	\N	{Tag02}	{plastic}	t	{}	2018-01-03 17:15:06+01	t
74	2	f	\N	100074	active	\N	2015-12-16 13:34:43+01	2017-01-01 01:00:00+01	{5}	Second something 1235 (74)	invisible gloves	2015-03-15 22:03:29+01	2018-01-04 09:42:25+01	515	1	2017-09-04 09:42:25+02	451	\N	{Tag01}	{cotton}	t	{}	2018-01-03 17:15:10+01	t
72	2	f	\N	100072	active	\N	2015-12-16 13:34:43+01	2017-01-01 01:00:00+01	{4}	Sixth something (72)	invisible gloves	2015-03-15 22:03:29+01	2018-01-04 09:48:16+01	515	1	2017-09-04 09:48:16+02	465	\N	{"Tag03 looong name"}	{iron}	t	{}	2018-01-03 17:15:14+01	t
78	2	f	\N	100078	active	\N	2015-12-16 13:34:43+01	2017-01-01 01:00:00+01	{4}	Sixth something (78)	invisible gloves	2015-03-15 22:03:29+01	2018-01-04 09:48:16+01	515	1	2017-09-04 09:48:16+02	465	\N	{"Tag03 looong name"}	{iron}	t	{}	2018-01-03 17:15:18+01	t
82	2	f	\N	100082	active	\N	2015-12-16 13:34:43+01	2017-01-01 01:00:00+01	{3}	Forth something 123456 (82)	invisible gloves	2015-03-15 22:03:29+01	2018-01-04 09:45:40+01	515	1	2017-09-04 09:45:40+02	1217	\N	{Tag02}	{plastic}	t	{}	2018-01-03 17:15:23+01	t
47	2	f	\N	100047	active	\N	2015-12-16 13:34:43+01	2017-01-01 01:00:00+01	{6}	Fifth something (47)	invisible gloves	2015-03-15 22:03:29+01	2018-01-04 09:46:37+01	515	1	2017-09-04 09:46:37+02	465	\N	{Tag02}	{iron}	t	{}	2018-01-03 17:14:47+01	t
52	2	f	\N	100052	active	\N	2015-12-16 13:34:43+01	2017-01-01 01:00:00+01	{3}	Forth something 123456 (52)	invisible gloves	2015-03-15 22:03:29+01	2018-01-04 09:45:40+01	515	1	2017-09-04 09:45:40+02	1217	\N	{Tag02}	{plastic}	t	{}	2018-01-03 17:14:51+01	t
54	2	f	\N	100054	active	\N	2015-12-16 13:34:43+01	2017-01-01 01:00:00+01	{4}	Sixth something (54)	invisible gloves	2015-03-15 22:03:29+01	2018-01-04 09:48:16+01	515	1	2017-09-04 09:48:16+02	465	\N	{"Tag03 looong name"}	{iron}	t	{}	2018-01-03 17:14:55+01	t
59	2	f	\N	100059	active	\N	2015-12-16 13:34:43+01	2017-01-01 01:00:00+01	{6}	Fifth something (59)	invisible gloves	2015-03-15 22:03:29+01	2018-01-04 09:46:37+01	515	1	2017-09-04 09:46:37+02	465	\N	{Tag02}	{iron}	t	{}	2018-01-03 17:14:59+01	t
63	2	f	\N	100063	active	\N	2015-12-16 13:34:43+01	2017-01-01 01:00:00+01	{2}	Third something LG-512a (63)	invisible gloves	2015-03-15 22:03:29+01	2018-01-04 09:44:14+01	515	1	2017-09-04 09:44:14+02	443	\N	{Tag01}	{cotton}	t	{}	2018-01-03 17:15:03+01	t
67	2	f	\N	100067	active	\N	2015-12-16 13:34:43+01	2017-01-01 01:00:00+01	{1}	First something 1234 (67)	invisible gloves	2015-03-15 22:03:29+01	2018-01-01 15:31:00+01	515	1	2017-09-01 15:31:00+02	451	\N	{Tag01}	{wool}	t	{}	2018-01-03 17:15:07+01	t
73	2	f	\N	100073	active	\N	2015-12-16 13:34:43+01	2017-01-01 01:00:00+01	{1}	First something 1234 (73)	invisible gloves	2015-03-15 22:03:29+01	2018-01-01 15:31:00+01	515	1	2017-09-01 15:31:00+02	451	\N	{Tag01}	{wool}	t	{}	2018-01-03 17:15:11+01	t
76	2	f	\N	100076	active	\N	2015-12-16 13:34:43+01	2017-01-01 01:00:00+01	{3}	Forth something 123456 (76)	invisible gloves	2015-03-15 22:03:29+01	2018-01-04 09:45:40+01	515	1	2017-09-04 09:45:40+02	1217	\N	{Tag02}	{plastic}	t	{}	2018-01-03 17:15:15+01	t
80	2	f	\N	100080	active	\N	2015-12-16 13:34:43+01	2017-01-01 01:00:00+01	{5}	Second something 1235 (80)	invisible gloves	2015-03-15 22:03:29+01	2018-01-04 09:42:25+01	515	1	2017-09-04 09:42:25+02	451	\N	{Tag01}	{cotton}	t	{}	2018-01-03 17:15:19+01	t
84	2	f	\N	100084	active	\N	2015-12-16 13:34:43+01	2017-01-01 01:00:00+01	{4}	Sixth something (84)	invisible gloves	2015-03-15 22:03:29+01	2018-01-04 09:48:16+01	515	1	2017-09-04 09:48:16+02	465	\N	{"Tag03 looong name"}	{iron}	t	{}	2018-01-03 17:15:24+01	t
50	2	f	\N	100050	active	\N	2015-12-16 13:34:43+01	2017-01-01 01:00:00+01	{5}	Second something 1235 (50)	invisible gloves	2015-03-15 22:03:29+01	2018-01-04 09:42:25+01	515	1	2017-09-04 09:42:25+02	451	\N	{Tag01}	{cotton}	t	{}	2018-01-03 17:14:48+01	t
56	2	f	\N	100056	active	\N	2015-12-16 13:34:43+01	2017-01-01 01:00:00+01	{5}	Second something 1235 (56)	invisible gloves	2015-03-15 22:03:29+01	2018-01-04 09:42:25+01	515	1	2017-09-04 09:42:25+02	451	\N	{Tag01}	{cotton}	t	{}	2018-01-03 17:14:52+01	t
61	2	f	\N	100061	active	\N	2015-12-16 13:34:43+01	2017-01-01 01:00:00+01	{1}	First something 1234 (61)	invisible gloves	2015-03-15 22:03:29+01	2018-01-01 15:31:00+01	515	1	2017-09-01 15:31:00+02	451	\N	{Tag01}	{wool}	t	{}	2018-01-03 17:14:56+01	t
58	2	f	\N	100058	active	\N	2015-12-16 13:34:43+01	2017-01-01 01:00:00+01	{3}	Forth something 123456 (58)	invisible gloves	2015-03-15 22:03:29+01	2018-01-04 09:45:40+01	515	1	2017-09-04 09:45:40+02	1217	\N	{Tag02}	{plastic}	t	{}	2018-01-03 17:15:00+01	t
65	2	f	\N	100065	active	\N	2015-12-16 13:34:43+01	2017-01-01 01:00:00+01	{6}	Fifth something (65)	invisible gloves	2015-03-15 22:03:29+01	2018-01-04 09:46:37+01	515	1	2017-09-04 09:46:37+02	465	\N	{Tag02}	{iron}	t	{}	2018-01-03 17:15:04+01	t
69	2	f	\N	100069	active	\N	2015-12-16 13:34:43+01	2017-01-01 01:00:00+01	{2}	Third something LG-512a (69)	invisible gloves	2015-03-15 22:03:29+01	2018-01-04 09:44:14+01	515	1	2017-09-04 09:44:14+02	443	\N	{Tag01}	{cotton}	t	{}	2018-01-03 17:15:08+01	t
75	2	f	\N	100075	active	\N	2015-12-16 13:34:43+01	2017-01-01 01:00:00+01	{2}	Third something LG-512a (75)	invisible gloves	2015-03-15 22:03:29+01	2018-01-04 09:44:14+01	515	1	2017-09-04 09:44:14+02	443	\N	{Tag01}	{cotton}	t	{}	2018-01-03 17:15:12+01	t
77	2	f	\N	100077	active	\N	2015-12-16 13:34:43+01	2017-01-01 01:00:00+01	{6}	Fifth something (77)	invisible gloves	2015-03-15 22:03:29+01	2018-01-04 09:46:37+01	515	1	2017-09-04 09:46:37+02	465	\N	{Tag02}	{iron}	t	{}	2018-01-03 17:15:16+01	t
85	2	f	\N	100085	active	\N	2015-12-16 13:34:43+01	2017-01-01 01:00:00+01	{1}	First something 1234 (85)	invisible gloves	2015-03-15 22:03:29+01	2018-01-01 15:31:00+01	515	1	2017-09-01 15:31:00+02	451	\N	{Tag01}	{wool}	t	{}	2018-01-03 17:15:20+01	t
83	2	f	\N	100083	active	\N	2015-12-16 13:34:43+01	2017-01-01 01:00:00+01	{6}	Fifth something (83)	invisible gloves	2015-03-15 22:03:29+01	2018-01-04 09:46:37+01	515	1	2017-09-04 09:46:37+02	465	\N	{Tag02}	{iron}	t	{}	2018-01-03 17:15:25+01	t
48	2	f	\N	100048	active	\N	2015-12-16 13:34:43+01	2017-01-01 01:00:00+01	{4}	Sixth something (48)	invisible gloves	2015-03-15 22:03:29+01	2018-01-04 09:48:16+01	515	1	2017-09-04 09:48:16+02	465	\N	{"Tag03 looong name"}	{iron}	t	{}	2018-01-03 17:14:49+01	t
53	2	f	\N	100053	active	\N	2015-12-16 13:34:43+01	2017-01-01 01:00:00+01	{6}	Fifth something (53)	invisible gloves	2015-03-15 22:03:29+01	2018-01-04 09:46:37+01	515	1	2017-09-04 09:46:37+02	465	\N	{Tag02}	{iron}	t	{}	2018-01-03 17:14:53+01	t
62	2	f	\N	100062	active	\N	2015-12-16 13:34:43+01	2017-01-01 01:00:00+01	{5}	Second something 1235 (62)	invisible gloves	2015-03-15 22:03:29+01	2018-01-04 09:42:25+01	515	1	2017-09-04 09:42:25+02	451	\N	{Tag01}	{cotton}	t	{}	2018-01-03 17:14:57+01	t
60	2	f	\N	100060	active	\N	2015-12-16 13:34:43+01	2017-01-01 01:00:00+01	{4}	Sixth something (60)	invisible gloves	2015-03-15 22:03:29+01	2018-01-04 09:48:16+01	515	1	2017-09-04 09:48:16+02	465	\N	{"Tag03 looong name"}	{iron}	t	{}	2018-01-03 17:15:01+01	t
66	2	f	\N	100066	active	\N	2015-12-16 13:34:43+01	2017-01-01 01:00:00+01	{4}	Sixth something (66)	invisible gloves	2015-03-15 22:03:29+01	2018-01-04 09:48:16+01	515	1	2017-09-04 09:48:16+02	465	\N	{"Tag03 looong name"}	{iron}	t	{}	2018-01-03 17:15:05+01	t
68	2	f	\N	100068	active	\N	2015-12-16 13:34:43+01	2017-01-01 01:00:00+01	{5}	Second something 1235 (68)	invisible gloves	2015-03-15 22:03:29+01	2018-01-04 09:42:25+01	515	1	2017-09-04 09:42:25+02	451	\N	{Tag01}	{cotton}	t	{}	2018-01-03 17:15:09+01	t
71	2	f	\N	100071	active	\N	2015-12-16 13:34:43+01	2017-01-01 01:00:00+01	{6}	Fifth something (71)	invisible gloves	2015-03-15 22:03:29+01	2018-01-04 09:46:37+01	515	1	2017-09-04 09:46:37+02	465	\N	{Tag02}	{iron}	t	{}	2018-01-03 17:15:13+01	t
79	2	f	\N	100079	active	\N	2015-12-16 13:34:43+01	2017-01-01 01:00:00+01	{1}	First something 1234 (79)	invisible gloves	2015-03-15 22:03:29+01	2018-01-01 15:31:00+01	515	1	2017-09-01 15:31:00+02	451	\N	{Tag01}	{wool}	t	{}	2018-01-03 17:15:17+01	t
81	2	f	\N	100081	active	\N	2015-12-16 13:34:43+01	2017-01-01 01:00:00+01	{2}	Third something LG-512a (81)	invisible gloves	2015-03-15 22:03:29+01	2018-01-04 09:44:14+01	515	1	2017-09-04 09:44:14+02	443	\N	{Tag01}	{cotton}	t	{}	2018-01-03 17:15:22+01	t
89	2	f	\N	100089	active	\N	2015-12-16 13:34:43+01	2017-01-01 01:00:00+01	{6}	Fifth something (89)	invisible gloves	2015-03-15 22:03:29+01	2018-01-04 09:46:37+01	515	1	2017-09-04 09:46:37+02	465	\N	{Tag02}	{iron}	t	{}	2018-01-03 17:15:26+01	t
\.


--
-- Data for Name: attributes; Type: TABLE DATA; Schema: public; Owner: hive_qa
--

COPY attributes (id, product_id, property_id, scale_id, value_ids, modified, deleted) FROM stdin;
\.


--
-- Name: attributes_id_seq; Type: SEQUENCE SET; Schema: public; Owner: hive_qa
--

SELECT pg_catalog.setval('attributes_id_seq', 1, false);


--
-- Name: image_id_seq; Type: SEQUENCE SET; Schema: public; Owner: hive_qa
--

SELECT pg_catalog.setval('image_id_seq', 6, true);


--
-- Data for Name: images; Type: TABLE DATA; Schema: public; Owner: hive_qa
--

COPY images (id, channel_image_id, thumbnail_url, fullsize_url, vela_image_id, shop_id) FROM stdin;
1	1333189653	https://img1.etsystatic.com/207/0/14458117/il_75x75.1333189653_nv0d.jpg	https://img1.etsystatic.com/207/0/14458117/il_fullxfull.1333189653_nv0d.jpg	\N	2
2	1335391211	https://img1.etsystatic.com/186/0/14458117/il_75x75.1335391211_crci.jpg	https://img1.etsystatic.com/186/0/14458117/il_fullxfull.1335391211_crci.jpg	\N	2
3	1335391571	https://img1.etsystatic.com/206/0/14458117/il_75x75.1335391571_iq8o.jpg	https://img1.etsystatic.com/206/0/14458117/il_fullxfull.1335391571_iq8o.jpg	\N	2
4	1335392211	https://img1.etsystatic.com/206/0/14458117/il_75x75.1335392211_s0ue.jpg	https://img1.etsystatic.com/206/0/14458117/il_fullxfull.1335392211_s0ue.jpg	\N	2
5	1288142702	https://img0.etsystatic.com/212/0/14458117/il_75x75.1288142702_4hf6.jpg	https://img0.etsystatic.com/212/0/14458117/il_fullxfull.1288142702_4hf6.jpg	\N	2
6	1335391779	https://img1.etsystatic.com/190/0/14458117/il_75x75.1335391779_9152.jpg	https://img1.etsystatic.com/190/0/14458117/il_fullxfull.1335391779_9152.jpg	\N	2
\.


--
-- Data for Name: pgmigrations; Type: TABLE DATA; Schema: public; Owner: hive_qa
--

COPY pgmigrations (id, name, run_on) FROM stdin;
1	1458828094532_init	2016-12-22 13:53:57.158213
2	1459336497279_product_indexes	2016-12-22 13:53:57.454994
3	1460713077982_add_images_rank	2016-12-22 13:53:57.527188
4	1464874232329_shop-sync	2016-12-22 13:53:57.555215
5	1465212619069_shop-sync	2016-12-22 13:53:57.572069
6	1466687725777_upsertUserProfile	2016-12-22 13:53:57.588907
7	1466973228298_delete-shop-function	2016-12-22 13:53:57.676386
8	1471892562190_product-properties	2016-12-22 13:53:57.690679
9	1472502545646_add_invalid_reason	2016-12-22 13:53:57.745064
10	1473284998000_variations	2016-12-22 13:53:57.77255
11	1473752081392_update_delete_function	2016-12-22 13:53:57.888543
12	1475250620932_variations-index	2016-12-22 13:53:57.902625
13	1475760841736_qualifiers	2016-12-22 13:53:57.930332
14	1476021097269_variation-option-ordering	2016-12-22 13:53:57.943703
15	1478538983123_delete_old_tasks	2016-12-22 13:53:58.023782
16	1478698359633_allow-null-for-variation-columns	2016-12-22 13:53:58.038505
17	1479130579702_variation_profile	2016-12-22 13:53:58.054878
18	1480433626850_variation_profile_fix	2016-12-22 13:53:58.203941
19	1480686507630_delete_company	2016-12-22 13:53:58.222261
20	1480939002050_variation_profile_user_to_shop	2016-12-22 13:53:58.236255
21	1480948048903_delete_variation_profiles_with_shop	2016-12-22 13:53:58.250712
22	1481029733717_rabbit-mq-initial-setup	2016-12-22 13:53:58.314847
23	1481213386096_relational-shops-table	2016-12-22 13:53:58.328947
24	1481955443389_relational-accounts	2016-12-22 13:53:58.38495
25	1482276032647_modify-shops-types	2016-12-22 13:53:58.428579
26	1482397615466_invalid_shop	2017-02-08 21:32:40.748087
27	1483554697694_shops-accounts-foreign-keys	2017-02-08 21:32:40.795615
28	1483627651053_fkey-profiles-to-shops	2017-02-08 21:32:40.815464
29	1484149648480_product-offerings	2017-02-08 21:32:40.82776
30	1484646869150_duplicate-sections	2017-02-08 21:32:40.958559
31	1485943965536_shop-inventory-flag	2017-02-08 21:32:40.969876
32	1486060157624_variations-to-product-properties-fkey	2017-02-08 21:32:41.02642
33	1486856024144_product_properties_indexes	2017-02-13 12:31:40.209761
34	1487302640725_drop-variations-property-dict-table	2017-02-17 15:44:35.349498
35	1487356007508_drop-not-null-var-opt-is-allowed	2017-02-17 21:01:57.325744
36	1487582355473_offering-visibility	2017-02-20 17:26:14.262676
37	1487968515634_hive-auth-fdw	2017-02-25 19:51:43.063391
38	1490116719275_remove-variation-profiles	2017-03-23 11:08:42.014639
39	1490275863164_cp_to_product_props	2017-03-29 16:10:37.005265
40	1490275863166_cp_to_product_props_migration	2017-04-04 16:46:26.547909
41	1490275863168_delete-shops-update	2017-04-06 17:41:56.978307
42	1494495694331_apply_bulk_ops_stats	2017-05-15 18:47:37.892799
43	1494495694333_product-id-from-product-properties	2017-05-25 10:35:58.923759
44	1496912131744_attributes	2017-06-12 16:08:20.948168
45	1497349750028_hive_auth_fdw_update	2017-06-15 16:20:09.315038
46	1497604214966_attributes_add_modified_deleted_columnd	2017-06-19 17:53:15.618928
47	1499963798338_trim_queue_update	2017-07-14 09:32:25.329894
48	1500987685799_migrate-photos-to-product-properties	2017-07-27 19:19:54.738367
49	1501258054614_remove-product-id-and-rank-from-images	2017-08-02 11:27:33.105923
50	1501596485610_update_images_tables	2017-08-04 12:32:37.302489
51	1501852296703_refactor-products-table	2017-08-22 12:00:15.922487
52	1503940167725_indexes	2017-08-28 19:56:09.095218
53	1504261638978_task_queue_indexes	2017-09-01 13:29:10.798546
54	1504523455898_shopify_products	2017-09-22 12:29:29.387827
55	1505833941495_sync_shop_table	2017-09-26 12:13:11.194699
56	1507021902813_can_write_inventory	2017-10-03 13:45:06.925014
57	1507032533910_channel_user_id	2017-10-04 11:11:39.524652
58	1507210705960_aggregate-table	2017-10-09 16:24:52.187799
59	1508168946693_remove_products_table	2017-10-16 19:06:29.15496
60	1508500900086_channels	2017-10-27 23:14:32.595627
61	1508838784005_aggregetes_parentId	2017-10-31 11:11:29.708668
62	1509454787636_images_channel_image_id	2017-11-09 23:10:22.427658
63	1509456906284_shopify_images_to_photos	2017-11-09 23:10:22.439905
64	1509462149110_shopify_products_tags	2017-11-10 14:30:01.223611
65	1511257459781_shopify-product-type	2017-11-21 17:17:39.668858
66	1511282987837_shopify-vendor	2017-11-22 15:06:28.970104
67	1511779725972_user_type_fdw	2017-11-28 11:22:52.499379
68	1511869398311_shopify_products_published_at	2017-12-04 01:22:36.297131
69	1512658830557_shop_url	2017-12-08 09:33:54.197996
70	1513266233880_aggregations-deleted	2017-12-14 19:31:42.833957
71	1513334304322_vela-image-unique-constrain-on-hash	2017-12-15 12:22:42.603648
72	1516727958724_shops_created_at	2018-01-24 14:59:42.247807
\.


--
-- Name: pgmigrations_id_seq; Type: SEQUENCE SET; Schema: public; Owner: hive_qa
--

SELECT pg_catalog.setval('pgmigrations_id_seq', 72, true);


--
-- Name: product_id_seq; Type: SEQUENCE SET; Schema: public; Owner: hive_qa
--

SELECT pg_catalog.setval('product_id_seq', 102, true);


--
-- Name: product_offering_id_seq; Type: SEQUENCE SET; Schema: public; Owner: hive_qa
--

SELECT pg_catalog.setval('product_offering_id_seq', 612, true);


--
-- Name: product_offering_option_id_seq; Type: SEQUENCE SET; Schema: public; Owner: hive_qa
--

SELECT pg_catalog.setval('product_offering_option_id_seq', 1224, true);


--
-- Data for Name: product_offerings; Type: TABLE DATA; Schema: public; Owner: hive_qa
--

COPY product_offerings (id, product_id, price, sku, quantity, visibility) FROM stdin;
1	1	5.15		1	t
2	1	5.15		1	t
3	1	5.15		1	t
4	1	5.15		1	t
5	1	5.15		1	t
6	1	5.15		1	t
7	3	5.15		1	t
8	3	5.15		1	t
9	3	5.15		1	t
10	3	5.15		1	t
11	3	5.15		1	t
12	3	5.15		1	t
13	4	5.15		1	t
14	4	5.15		1	t
15	4	5.15		1	t
16	4	5.15		1	t
17	4	5.15		1	t
18	4	5.15		1	t
19	6	5.15		1	t
20	6	5.15		1	t
21	6	5.15		1	t
22	6	5.15		1	t
23	6	5.15		1	t
24	6	5.15		1	t
25	2	5.15		1	t
26	2	5.15		1	t
27	2	5.15		1	t
28	2	5.15		1	t
29	2	5.15		1	t
30	2	5.15		1	t
31	7	5.15		1	t
32	7	5.15		1	t
33	7	5.15		1	t
34	7	5.15		1	t
35	7	5.15		1	t
36	7	5.15		1	t
37	5	5.15		1	t
38	5	5.15		1	t
39	5	5.15		1	t
40	5	5.15		1	t
41	5	5.15		1	t
42	5	5.15		1	t
43	12	5.15		1	t
44	12	5.15		1	t
45	12	5.15		1	t
46	12	5.15		1	t
47	12	5.15		1	t
48	12	5.15		1	t
49	11	5.15		1	t
50	11	5.15		1	t
51	11	5.15		1	t
52	11	5.15		1	t
53	11	5.15		1	t
54	11	5.15		1	t
55	9	5.15		1	t
56	9	5.15		1	t
57	9	5.15		1	t
58	9	5.15		1	t
59	9	5.15		1	t
60	9	5.15		1	t
61	10	5.15		1	t
62	10	5.15		1	t
63	10	5.15		1	t
64	10	5.15		1	t
65	10	5.15		1	t
66	10	5.15		1	t
67	8	5.15		1	t
68	8	5.15		1	t
69	8	5.15		1	t
70	8	5.15		1	t
71	8	5.15		1	t
72	8	5.15		1	t
73	14	5.15		1	t
74	14	5.15		1	t
75	14	5.15		1	t
76	14	5.15		1	t
77	14	5.15		1	t
78	14	5.15		1	t
79	15	5.15		1	t
80	15	5.15		1	t
81	15	5.15		1	t
82	15	5.15		1	t
83	15	5.15		1	t
84	15	5.15		1	t
85	16	5.15		1	t
86	16	5.15		1	t
87	16	5.15		1	t
88	16	5.15		1	t
89	16	5.15		1	t
90	16	5.15		1	t
91	13	5.15		1	t
92	13	5.15		1	t
93	13	5.15		1	t
94	13	5.15		1	t
95	13	5.15		1	t
96	13	5.15		1	t
97	21	5.15		1	t
98	21	5.15		1	t
99	21	5.15		1	t
100	21	5.15		1	t
101	21	5.15		1	t
102	21	5.15		1	t
103	18	5.15		1	t
104	18	5.15		1	t
105	18	5.15		1	t
106	18	5.15		1	t
107	18	5.15		1	t
108	18	5.15		1	t
109	20	5.15		1	t
110	20	5.15		1	t
111	20	5.15		1	t
112	20	5.15		1	t
113	20	5.15		1	t
114	20	5.15		1	t
115	22	5.15		1	t
116	22	5.15		1	t
117	22	5.15		1	t
118	22	5.15		1	t
119	22	5.15		1	t
120	22	5.15		1	t
121	19	5.15		1	t
122	19	5.15		1	t
123	19	5.15		1	t
124	19	5.15		1	t
125	19	5.15		1	t
126	19	5.15		1	t
127	17	5.15		1	t
128	17	5.15		1	t
129	17	5.15		1	t
130	17	5.15		1	t
131	17	5.15		1	t
132	17	5.15		1	t
133	24	5.15		1	t
134	24	5.15		1	t
135	24	5.15		1	t
136	24	5.15		1	t
137	24	5.15		1	t
138	24	5.15		1	t
157	31	5.15		1	t
158	31	5.15		1	t
159	31	5.15		1	t
160	31	5.15		1	t
161	31	5.15		1	t
162	31	5.15		1	t
139	26	5.15		1	t
140	26	5.15		1	t
141	26	5.15		1	t
142	26	5.15		1	t
143	26	5.15		1	t
144	26	5.15		1	t
163	30	5.15		1	t
164	30	5.15		1	t
165	30	5.15		1	t
166	30	5.15		1	t
167	30	5.15		1	t
168	30	5.15		1	t
145	23	5.15		1	t
146	23	5.15		1	t
147	23	5.15		1	t
148	23	5.15		1	t
149	23	5.15		1	t
150	23	5.15		1	t
151	25	5.15		1	t
152	25	5.15		1	t
153	25	5.15		1	t
154	25	5.15		1	t
155	25	5.15		1	t
156	25	5.15		1	t
169	32	5.15		1	t
170	32	5.15		1	t
171	32	5.15		1	t
172	32	5.15		1	t
173	32	5.15		1	t
174	32	5.15		1	t
175	27	5.15		1	t
176	27	5.15		1	t
177	27	5.15		1	t
178	27	5.15		1	t
179	27	5.15		1	t
180	27	5.15		1	t
181	28	5.15		1	t
182	28	5.15		1	t
183	28	5.15		1	t
184	28	5.15		1	t
185	28	5.15		1	t
186	28	5.15		1	t
187	29	5.15		1	t
188	29	5.15		1	t
189	29	5.15		1	t
190	29	5.15		1	t
191	29	5.15		1	t
192	29	5.15		1	t
193	35	5.15		1	t
194	35	5.15		1	t
195	35	5.15		1	t
196	35	5.15		1	t
197	35	5.15		1	t
198	35	5.15		1	t
199	34	5.15		1	t
200	34	5.15		1	t
201	34	5.15		1	t
202	34	5.15		1	t
203	34	5.15		1	t
204	34	5.15		1	t
205	33	5.15		1	t
206	33	5.15		1	t
207	33	5.15		1	t
208	33	5.15		1	t
209	33	5.15		1	t
210	33	5.15		1	t
211	36	5.15		1	t
212	36	5.15		1	t
213	36	5.15		1	t
214	36	5.15		1	t
215	36	5.15		1	t
216	36	5.15		1	t
217	41	5.15		1	t
218	41	5.15		1	t
219	41	5.15		1	t
220	41	5.15		1	t
221	41	5.15		1	t
222	41	5.15		1	t
223	38	5.15		1	t
224	38	5.15		1	t
225	38	5.15		1	t
226	38	5.15		1	t
227	38	5.15		1	t
228	38	5.15		1	t
229	42	5.15		1	t
230	42	5.15		1	t
231	42	5.15		1	t
232	42	5.15		1	t
233	42	5.15		1	t
234	42	5.15		1	t
235	40	5.15		1	t
236	40	5.15		1	t
237	40	5.15		1	t
238	40	5.15		1	t
239	40	5.15		1	t
240	40	5.15		1	t
241	37	5.15		1	t
242	37	5.15		1	t
243	37	5.15		1	t
244	37	5.15		1	t
245	37	5.15		1	t
246	37	5.15		1	t
247	39	5.15		1	t
248	39	5.15		1	t
249	39	5.15		1	t
250	39	5.15		1	t
251	39	5.15		1	t
252	39	5.15		1	t
253	43	5.15		1	t
254	43	5.15		1	t
255	43	5.15		1	t
256	43	5.15		1	t
257	43	5.15		1	t
258	43	5.15		1	t
259	44	5.15		1	t
260	44	5.15		1	t
261	44	5.15		1	t
262	44	5.15		1	t
263	44	5.15		1	t
264	44	5.15		1	t
265	45	5.15		1	t
266	45	5.15		1	t
267	45	5.15		1	t
268	45	5.15		1	t
269	45	5.15		1	t
270	45	5.15		1	t
271	46	5.15		1	t
272	46	5.15		1	t
273	46	5.15		1	t
274	46	5.15		1	t
275	46	5.15		1	t
276	46	5.15		1	t
277	51	5.15		1	t
278	51	5.15		1	t
279	51	5.15		1	t
280	51	5.15		1	t
281	51	5.15		1	t
282	51	5.15		1	t
283	47	5.15		1	t
284	47	5.15		1	t
285	47	5.15		1	t
286	47	5.15		1	t
287	47	5.15		1	t
288	47	5.15		1	t
289	50	5.15		1	t
290	50	5.15		1	t
291	50	5.15		1	t
292	50	5.15		1	t
293	50	5.15		1	t
294	50	5.15		1	t
295	48	5.15		1	t
296	48	5.15		1	t
297	48	5.15		1	t
298	48	5.15		1	t
299	48	5.15		1	t
300	48	5.15		1	t
319	53	5.15		1	t
320	53	5.15		1	t
321	53	5.15		1	t
322	53	5.15		1	t
323	53	5.15		1	t
324	53	5.15		1	t
343	62	5.15		1	t
344	62	5.15		1	t
345	62	5.15		1	t
346	62	5.15		1	t
347	62	5.15		1	t
348	62	5.15		1	t
367	60	5.15		1	t
368	60	5.15		1	t
369	60	5.15		1	t
370	60	5.15		1	t
371	60	5.15		1	t
372	60	5.15		1	t
391	66	5.15		1	t
392	66	5.15		1	t
393	66	5.15		1	t
394	66	5.15		1	t
395	66	5.15		1	t
396	66	5.15		1	t
415	68	5.15		1	t
416	68	5.15		1	t
417	68	5.15		1	t
418	68	5.15		1	t
419	68	5.15		1	t
420	68	5.15		1	t
439	71	5.15		1	t
440	71	5.15		1	t
441	71	5.15		1	t
442	71	5.15		1	t
443	71	5.15		1	t
444	71	5.15		1	t
463	79	5.15		1	t
464	79	5.15		1	t
465	79	5.15		1	t
466	79	5.15		1	t
467	79	5.15		1	t
468	79	5.15		1	t
487	81	5.15		1	t
488	81	5.15		1	t
489	81	5.15		1	t
490	81	5.15		1	t
491	81	5.15		1	t
492	81	5.15		1	t
511	89	5.15		1	t
512	89	5.15		1	t
513	89	5.15		1	t
514	89	5.15		1	t
515	89	5.15		1	t
516	89	5.15		1	t
301	49	5.15		1	t
302	49	5.15		1	t
303	49	5.15		1	t
304	49	5.15		1	t
305	49	5.15		1	t
306	49	5.15		1	t
325	55	5.15		1	t
326	55	5.15		1	t
327	55	5.15		1	t
328	55	5.15		1	t
329	55	5.15		1	t
330	55	5.15		1	t
349	57	5.15		1	t
350	57	5.15		1	t
351	57	5.15		1	t
352	57	5.15		1	t
353	57	5.15		1	t
354	57	5.15		1	t
373	64	5.15		1	t
374	64	5.15		1	t
375	64	5.15		1	t
376	64	5.15		1	t
377	64	5.15		1	t
378	64	5.15		1	t
397	70	5.15		1	t
398	70	5.15		1	t
399	70	5.15		1	t
400	70	5.15		1	t
401	70	5.15		1	t
402	70	5.15		1	t
421	74	5.15		1	t
422	74	5.15		1	t
423	74	5.15		1	t
424	74	5.15		1	t
425	74	5.15		1	t
426	74	5.15		1	t
445	72	5.15		1	t
446	72	5.15		1	t
447	72	5.15		1	t
448	72	5.15		1	t
449	72	5.15		1	t
450	72	5.15		1	t
469	78	5.15		1	t
470	78	5.15		1	t
471	78	5.15		1	t
472	78	5.15		1	t
473	78	5.15		1	t
474	78	5.15		1	t
493	82	5.15		1	t
494	82	5.15		1	t
495	82	5.15		1	t
496	82	5.15		1	t
497	82	5.15		1	t
498	82	5.15		1	t
307	52	5.15		1	t
308	52	5.15		1	t
309	52	5.15		1	t
310	52	5.15		1	t
311	52	5.15		1	t
312	52	5.15		1	t
331	54	5.15		1	t
332	54	5.15		1	t
333	54	5.15		1	t
334	54	5.15		1	t
335	54	5.15		1	t
336	54	5.15		1	t
355	59	5.15		1	t
356	59	5.15		1	t
357	59	5.15		1	t
358	59	5.15		1	t
359	59	5.15		1	t
360	59	5.15		1	t
379	63	5.15		1	t
380	63	5.15		1	t
381	63	5.15		1	t
382	63	5.15		1	t
383	63	5.15		1	t
384	63	5.15		1	t
403	67	5.15		1	t
404	67	5.15		1	t
405	67	5.15		1	t
406	67	5.15		1	t
407	67	5.15		1	t
408	67	5.15		1	t
427	73	5.15		1	t
428	73	5.15		1	t
429	73	5.15		1	t
430	73	5.15		1	t
431	73	5.15		1	t
432	73	5.15		1	t
451	76	5.15		1	t
452	76	5.15		1	t
453	76	5.15		1	t
454	76	5.15		1	t
455	76	5.15		1	t
456	76	5.15		1	t
475	80	5.15		1	t
476	80	5.15		1	t
477	80	5.15		1	t
478	80	5.15		1	t
479	80	5.15		1	t
480	80	5.15		1	t
499	84	5.15		1	t
500	84	5.15		1	t
501	84	5.15		1	t
502	84	5.15		1	t
503	84	5.15		1	t
504	84	5.15		1	t
313	56	5.15		1	t
314	56	5.15		1	t
315	56	5.15		1	t
316	56	5.15		1	t
317	56	5.15		1	t
318	56	5.15		1	t
337	61	5.15		1	t
338	61	5.15		1	t
339	61	5.15		1	t
340	61	5.15		1	t
341	61	5.15		1	t
342	61	5.15		1	t
361	58	5.15		1	t
362	58	5.15		1	t
363	58	5.15		1	t
364	58	5.15		1	t
365	58	5.15		1	t
366	58	5.15		1	t
385	65	5.15		1	t
386	65	5.15		1	t
387	65	5.15		1	t
388	65	5.15		1	t
389	65	5.15		1	t
390	65	5.15		1	t
409	69	5.15		1	t
410	69	5.15		1	t
411	69	5.15		1	t
412	69	5.15		1	t
413	69	5.15		1	t
414	69	5.15		1	t
433	75	5.15		1	t
434	75	5.15		1	t
435	75	5.15		1	t
436	75	5.15		1	t
437	75	5.15		1	t
438	75	5.15		1	t
457	77	5.15		1	t
458	77	5.15		1	t
459	77	5.15		1	t
460	77	5.15		1	t
461	77	5.15		1	t
462	77	5.15		1	t
481	85	5.15		1	t
482	85	5.15		1	t
483	85	5.15		1	t
484	85	5.15		1	t
485	85	5.15		1	t
486	85	5.15		1	t
505	83	5.15		1	t
506	83	5.15		1	t
507	83	5.15		1	t
508	83	5.15		1	t
509	83	5.15		1	t
510	83	5.15		1	t
517	86	5.15		1	t
518	86	5.15		1	t
519	86	5.15		1	t
520	86	5.15		1	t
521	86	5.15		1	t
522	86	5.15		1	t
523	88	5.15		1	t
524	88	5.15		1	t
525	88	5.15		1	t
526	88	5.15		1	t
527	88	5.15		1	t
528	88	5.15		1	t
529	87	5.15		1	t
530	87	5.15		1	t
531	87	5.15		1	t
532	87	5.15		1	t
533	87	5.15		1	t
534	87	5.15		1	t
535	91	5.15		1	t
536	91	5.15		1	t
537	91	5.15		1	t
538	91	5.15		1	t
539	91	5.15		1	t
540	91	5.15		1	t
541	93	5.15		1	t
542	93	5.15		1	t
543	93	5.15		1	t
544	93	5.15		1	t
545	93	5.15		1	t
546	93	5.15		1	t
547	95	5.15		1	t
548	95	5.15		1	t
549	95	5.15		1	t
550	95	5.15		1	t
551	95	5.15		1	t
552	95	5.15		1	t
553	94	5.15		1	t
554	94	5.15		1	t
555	94	5.15		1	t
556	94	5.15		1	t
557	94	5.15		1	t
558	94	5.15		1	t
559	92	5.15		1	t
560	92	5.15		1	t
561	92	5.15		1	t
562	92	5.15		1	t
563	92	5.15		1	t
564	92	5.15		1	t
565	90	5.15		1	t
566	90	5.15		1	t
567	90	5.15		1	t
568	90	5.15		1	t
569	90	5.15		1	t
570	90	5.15		1	t
571	98	5.15		1	t
572	98	5.15		1	t
573	98	5.15		1	t
574	98	5.15		1	t
575	98	5.15		1	t
576	98	5.15		1	t
577	96	5.15		1	t
578	96	5.15		1	t
579	96	5.15		1	t
580	96	5.15		1	t
581	96	5.15		1	t
582	96	5.15		1	t
583	97	5.15		1	t
584	97	5.15		1	t
585	97	5.15		1	t
586	97	5.15		1	t
587	97	5.15		1	t
588	97	5.15		1	t
589	99	5.15		1	t
590	99	5.15		1	t
591	99	5.15		1	t
592	99	5.15		1	t
593	99	5.15		1	t
594	99	5.15		1	t
595	100	5.15		1	t
596	100	5.15		1	t
597	100	5.15		1	t
598	100	5.15		1	t
599	100	5.15		1	t
600	100	5.15		1	t
601	101	5.15		1	t
602	101	5.15		1	t
603	101	5.15		1	t
604	101	5.15		1	t
605	101	5.15		1	t
606	101	5.15		1	t
607	102	5.15		1	t
608	102	5.15		1	t
609	102	5.15		1	t
610	102	5.15		1	t
611	102	5.15		1	t
612	102	5.15		1	t
\.


--
-- Data for Name: variations; Type: TABLE DATA; Schema: public; Owner: hive_qa
--

COPY variations (id, product_id, first, property_id, formatted_name, scaling_option_id, recipient_id, influences_price, influences_quantity, influences_sku) FROM stdin;
1	1	t	200	Primary color	\N	\N	f	f	f
2	1	f	502	Fabric	\N	\N	f	f	f
3	3	t	200	Primary color	\N	\N	f	f	f
4	3	f	502	Fabric	\N	\N	f	f	f
5	4	t	200	Primary color	\N	\N	f	f	f
6	4	f	502	Fabric	\N	\N	f	f	f
7	6	t	200	Primary color	\N	\N	f	f	f
8	6	f	502	Fabric	\N	\N	f	f	f
9	2	t	200	Primary color	\N	\N	f	f	f
10	2	f	502	Fabric	\N	\N	f	f	f
11	7	t	200	Primary color	\N	\N	f	f	f
12	7	f	502	Fabric	\N	\N	f	f	f
13	5	t	200	Primary color	\N	\N	f	f	f
14	5	f	502	Fabric	\N	\N	f	f	f
15	12	t	200	Primary color	\N	\N	f	f	f
16	12	f	502	Fabric	\N	\N	f	f	f
17	11	t	200	Primary color	\N	\N	f	f	f
18	11	f	502	Fabric	\N	\N	f	f	f
19	9	t	200	Primary color	\N	\N	f	f	f
20	9	f	502	Fabric	\N	\N	f	f	f
21	10	t	200	Primary color	\N	\N	f	f	f
22	10	f	502	Fabric	\N	\N	f	f	f
23	8	t	200	Primary color	\N	\N	f	f	f
24	8	f	502	Fabric	\N	\N	f	f	f
25	14	t	200	Primary color	\N	\N	f	f	f
26	14	f	502	Fabric	\N	\N	f	f	f
27	15	t	200	Primary color	\N	\N	f	f	f
28	15	f	502	Fabric	\N	\N	f	f	f
29	16	t	200	Primary color	\N	\N	f	f	f
30	16	f	502	Fabric	\N	\N	f	f	f
31	13	t	200	Primary color	\N	\N	f	f	f
32	13	f	502	Fabric	\N	\N	f	f	f
33	21	t	200	Primary color	\N	\N	f	f	f
34	21	f	502	Fabric	\N	\N	f	f	f
35	18	t	200	Primary color	\N	\N	f	f	f
36	18	f	502	Fabric	\N	\N	f	f	f
37	20	t	200	Primary color	\N	\N	f	f	f
38	20	f	502	Fabric	\N	\N	f	f	f
39	22	t	200	Primary color	\N	\N	f	f	f
40	22	f	502	Fabric	\N	\N	f	f	f
41	19	t	200	Primary color	\N	\N	f	f	f
42	19	f	502	Fabric	\N	\N	f	f	f
43	17	t	200	Primary color	\N	\N	f	f	f
44	17	f	502	Fabric	\N	\N	f	f	f
45	24	t	200	Primary color	\N	\N	f	f	f
46	24	f	502	Fabric	\N	\N	f	f	f
47	26	t	200	Primary color	\N	\N	f	f	f
48	26	f	502	Fabric	\N	\N	f	f	f
49	23	t	200	Primary color	\N	\N	f	f	f
50	23	f	502	Fabric	\N	\N	f	f	f
51	25	t	200	Primary color	\N	\N	f	f	f
52	25	f	502	Fabric	\N	\N	f	f	f
53	31	t	200	Primary color	\N	\N	f	f	f
54	31	f	502	Fabric	\N	\N	f	f	f
55	30	t	200	Primary color	\N	\N	f	f	f
56	30	f	502	Fabric	\N	\N	f	f	f
57	32	t	200	Primary color	\N	\N	f	f	f
58	32	f	502	Fabric	\N	\N	f	f	f
59	27	t	200	Primary color	\N	\N	f	f	f
60	27	f	502	Fabric	\N	\N	f	f	f
61	28	t	200	Primary color	\N	\N	f	f	f
62	28	f	502	Fabric	\N	\N	f	f	f
63	29	t	200	Primary color	\N	\N	f	f	f
64	29	f	502	Fabric	\N	\N	f	f	f
65	35	t	200	Primary color	\N	\N	f	f	f
66	35	f	502	Fabric	\N	\N	f	f	f
67	34	t	200	Primary color	\N	\N	f	f	f
68	34	f	502	Fabric	\N	\N	f	f	f
69	33	t	200	Primary color	\N	\N	f	f	f
70	33	f	502	Fabric	\N	\N	f	f	f
71	36	t	200	Primary color	\N	\N	f	f	f
72	36	f	502	Fabric	\N	\N	f	f	f
73	41	t	200	Primary color	\N	\N	f	f	f
74	41	f	502	Fabric	\N	\N	f	f	f
75	38	t	200	Primary color	\N	\N	f	f	f
76	38	f	502	Fabric	\N	\N	f	f	f
77	42	t	200	Primary color	\N	\N	f	f	f
78	42	f	502	Fabric	\N	\N	f	f	f
79	40	t	200	Primary color	\N	\N	f	f	f
80	40	f	502	Fabric	\N	\N	f	f	f
81	37	t	200	Primary color	\N	\N	f	f	f
82	37	f	502	Fabric	\N	\N	f	f	f
83	39	t	200	Primary color	\N	\N	f	f	f
84	39	f	502	Fabric	\N	\N	f	f	f
85	43	t	200	Primary color	\N	\N	f	f	f
86	43	f	502	Fabric	\N	\N	f	f	f
87	44	t	200	Primary color	\N	\N	f	f	f
88	44	f	502	Fabric	\N	\N	f	f	f
89	45	t	200	Primary color	\N	\N	f	f	f
90	45	f	502	Fabric	\N	\N	f	f	f
91	46	t	200	Primary color	\N	\N	f	f	f
92	46	f	502	Fabric	\N	\N	f	f	f
93	51	t	200	Primary color	\N	\N	f	f	f
94	51	f	502	Fabric	\N	\N	f	f	f
101	49	t	200	Primary color	\N	\N	f	f	f
102	49	f	502	Fabric	\N	\N	f	f	f
109	55	t	200	Primary color	\N	\N	f	f	f
110	55	f	502	Fabric	\N	\N	f	f	f
117	57	t	200	Primary color	\N	\N	f	f	f
118	57	f	502	Fabric	\N	\N	f	f	f
125	64	t	200	Primary color	\N	\N	f	f	f
126	64	f	502	Fabric	\N	\N	f	f	f
133	70	t	200	Primary color	\N	\N	f	f	f
134	70	f	502	Fabric	\N	\N	f	f	f
141	74	t	200	Primary color	\N	\N	f	f	f
142	74	f	502	Fabric	\N	\N	f	f	f
149	72	t	200	Primary color	\N	\N	f	f	f
150	72	f	502	Fabric	\N	\N	f	f	f
157	78	t	200	Primary color	\N	\N	f	f	f
158	78	f	502	Fabric	\N	\N	f	f	f
165	82	t	200	Primary color	\N	\N	f	f	f
166	82	f	502	Fabric	\N	\N	f	f	f
95	47	t	200	Primary color	\N	\N	f	f	f
96	47	f	502	Fabric	\N	\N	f	f	f
103	52	t	200	Primary color	\N	\N	f	f	f
104	52	f	502	Fabric	\N	\N	f	f	f
111	54	t	200	Primary color	\N	\N	f	f	f
112	54	f	502	Fabric	\N	\N	f	f	f
119	59	t	200	Primary color	\N	\N	f	f	f
120	59	f	502	Fabric	\N	\N	f	f	f
127	63	t	200	Primary color	\N	\N	f	f	f
128	63	f	502	Fabric	\N	\N	f	f	f
135	67	t	200	Primary color	\N	\N	f	f	f
136	67	f	502	Fabric	\N	\N	f	f	f
143	73	t	200	Primary color	\N	\N	f	f	f
144	73	f	502	Fabric	\N	\N	f	f	f
151	76	t	200	Primary color	\N	\N	f	f	f
152	76	f	502	Fabric	\N	\N	f	f	f
159	80	t	200	Primary color	\N	\N	f	f	f
160	80	f	502	Fabric	\N	\N	f	f	f
167	84	t	200	Primary color	\N	\N	f	f	f
168	84	f	502	Fabric	\N	\N	f	f	f
97	50	t	200	Primary color	\N	\N	f	f	f
98	50	f	502	Fabric	\N	\N	f	f	f
105	56	t	200	Primary color	\N	\N	f	f	f
106	56	f	502	Fabric	\N	\N	f	f	f
113	61	t	200	Primary color	\N	\N	f	f	f
114	61	f	502	Fabric	\N	\N	f	f	f
121	58	t	200	Primary color	\N	\N	f	f	f
122	58	f	502	Fabric	\N	\N	f	f	f
129	65	t	200	Primary color	\N	\N	f	f	f
130	65	f	502	Fabric	\N	\N	f	f	f
137	69	t	200	Primary color	\N	\N	f	f	f
138	69	f	502	Fabric	\N	\N	f	f	f
145	75	t	200	Primary color	\N	\N	f	f	f
146	75	f	502	Fabric	\N	\N	f	f	f
153	77	t	200	Primary color	\N	\N	f	f	f
154	77	f	502	Fabric	\N	\N	f	f	f
161	85	t	200	Primary color	\N	\N	f	f	f
162	85	f	502	Fabric	\N	\N	f	f	f
169	83	t	200	Primary color	\N	\N	f	f	f
170	83	f	502	Fabric	\N	\N	f	f	f
99	48	t	200	Primary color	\N	\N	f	f	f
100	48	f	502	Fabric	\N	\N	f	f	f
107	53	t	200	Primary color	\N	\N	f	f	f
108	53	f	502	Fabric	\N	\N	f	f	f
115	62	t	200	Primary color	\N	\N	f	f	f
116	62	f	502	Fabric	\N	\N	f	f	f
123	60	t	200	Primary color	\N	\N	f	f	f
124	60	f	502	Fabric	\N	\N	f	f	f
131	66	t	200	Primary color	\N	\N	f	f	f
132	66	f	502	Fabric	\N	\N	f	f	f
139	68	t	200	Primary color	\N	\N	f	f	f
140	68	f	502	Fabric	\N	\N	f	f	f
147	71	t	200	Primary color	\N	\N	f	f	f
148	71	f	502	Fabric	\N	\N	f	f	f
155	79	t	200	Primary color	\N	\N	f	f	f
156	79	f	502	Fabric	\N	\N	f	f	f
163	81	t	200	Primary color	\N	\N	f	f	f
164	81	f	502	Fabric	\N	\N	f	f	f
171	89	t	200	Primary color	\N	\N	f	f	f
172	89	f	502	Fabric	\N	\N	f	f	f
173	86	t	200	Primary color	\N	\N	f	f	f
174	86	f	502	Fabric	\N	\N	f	f	f
175	88	t	200	Primary color	\N	\N	f	f	f
176	88	f	502	Fabric	\N	\N	f	f	f
177	87	t	200	Primary color	\N	\N	f	f	f
178	87	f	502	Fabric	\N	\N	f	f	f
179	91	t	200	Primary color	\N	\N	f	f	f
180	91	f	502	Fabric	\N	\N	f	f	f
181	93	t	200	Primary color	\N	\N	f	f	f
182	93	f	502	Fabric	\N	\N	f	f	f
183	95	t	200	Primary color	\N	\N	f	f	f
184	95	f	502	Fabric	\N	\N	f	f	f
185	94	t	200	Primary color	\N	\N	f	f	f
186	94	f	502	Fabric	\N	\N	f	f	f
187	92	t	200	Primary color	\N	\N	f	f	f
188	92	f	502	Fabric	\N	\N	f	f	f
189	90	t	200	Primary color	\N	\N	f	f	f
190	90	f	502	Fabric	\N	\N	f	f	f
191	98	t	200	Primary color	\N	\N	f	f	f
192	98	f	502	Fabric	\N	\N	f	f	f
193	96	t	200	Primary color	\N	\N	f	f	f
194	96	f	502	Fabric	\N	\N	f	f	f
195	97	t	200	Primary color	\N	\N	f	f	f
196	97	f	502	Fabric	\N	\N	f	f	f
197	99	t	200	Primary color	\N	\N	f	f	f
198	99	f	502	Fabric	\N	\N	f	f	f
199	100	t	200	Primary color	\N	\N	f	f	f
200	100	f	502	Fabric	\N	\N	f	f	f
201	101	t	200	Primary color	\N	\N	f	f	f
202	101	f	502	Fabric	\N	\N	f	f	f
203	102	t	200	Primary color	\N	\N	f	f	f
204	102	f	502	Fabric	\N	\N	f	f	f
\.


--
-- Data for Name: variation_options; Type: TABLE DATA; Schema: public; Owner: hive_qa
--

COPY variation_options (id, variation_id, value_id, value, formatted_value, price, is_available, sequence) FROM stdin;
1	1	2	Blue	\N	\N	\N	1
2	1	4	Green	\N	\N	\N	2
3	1	9	Red	\N	\N	\N	3
4	2	2723346448	wool	\N	\N	\N	1
5	2	2726396058	cotton	\N	\N	\N	2
6	3	2	Blue	\N	\N	\N	1
7	3	4	Green	\N	\N	\N	2
8	3	9	Red	\N	\N	\N	3
9	4	2723346448	wool	\N	\N	\N	1
10	4	2726396058	cotton	\N	\N	\N	2
11	5	2	Blue	\N	\N	\N	1
12	5	4	Green	\N	\N	\N	2
13	5	9	Red	\N	\N	\N	3
14	6	2723346448	wool	\N	\N	\N	1
15	6	2726396058	cotton	\N	\N	\N	2
16	7	2	Blue	\N	\N	\N	1
17	7	4	Green	\N	\N	\N	2
18	7	9	Red	\N	\N	\N	3
19	8	2723346448	wool	\N	\N	\N	1
20	8	2726396058	cotton	\N	\N	\N	2
21	9	2	Blue	\N	\N	\N	1
22	9	4	Green	\N	\N	\N	2
23	9	9	Red	\N	\N	\N	3
24	10	2723346448	wool	\N	\N	\N	1
25	10	2726396058	cotton	\N	\N	\N	2
26	11	2	Blue	\N	\N	\N	1
27	11	4	Green	\N	\N	\N	2
28	11	9	Red	\N	\N	\N	3
29	12	2723346448	wool	\N	\N	\N	1
30	12	2726396058	cotton	\N	\N	\N	2
31	13	2	Blue	\N	\N	\N	1
32	13	4	Green	\N	\N	\N	2
33	13	9	Red	\N	\N	\N	3
34	14	2723346448	wool	\N	\N	\N	1
35	14	2726396058	cotton	\N	\N	\N	2
36	15	2	Blue	\N	\N	\N	1
37	15	4	Green	\N	\N	\N	2
38	15	9	Red	\N	\N	\N	3
39	16	2723346448	wool	\N	\N	\N	1
40	16	2726396058	cotton	\N	\N	\N	2
41	17	2	Blue	\N	\N	\N	1
42	17	4	Green	\N	\N	\N	2
43	17	9	Red	\N	\N	\N	3
44	18	2723346448	wool	\N	\N	\N	1
45	18	2726396058	cotton	\N	\N	\N	2
46	19	2	Blue	\N	\N	\N	1
47	19	4	Green	\N	\N	\N	2
48	19	9	Red	\N	\N	\N	3
49	20	2723346448	wool	\N	\N	\N	1
50	20	2726396058	cotton	\N	\N	\N	2
51	21	2	Blue	\N	\N	\N	1
52	21	4	Green	\N	\N	\N	2
53	21	9	Red	\N	\N	\N	3
54	22	2723346448	wool	\N	\N	\N	1
55	22	2726396058	cotton	\N	\N	\N	2
56	23	2	Blue	\N	\N	\N	1
57	23	4	Green	\N	\N	\N	2
58	23	9	Red	\N	\N	\N	3
59	24	2723346448	wool	\N	\N	\N	1
60	24	2726396058	cotton	\N	\N	\N	2
61	25	2	Blue	\N	\N	\N	1
62	25	4	Green	\N	\N	\N	2
63	25	9	Red	\N	\N	\N	3
64	26	2723346448	wool	\N	\N	\N	1
65	26	2726396058	cotton	\N	\N	\N	2
66	27	2	Blue	\N	\N	\N	1
67	27	4	Green	\N	\N	\N	2
68	27	9	Red	\N	\N	\N	3
69	28	2723346448	wool	\N	\N	\N	1
70	28	2726396058	cotton	\N	\N	\N	2
71	29	2	Blue	\N	\N	\N	1
72	29	4	Green	\N	\N	\N	2
73	29	9	Red	\N	\N	\N	3
74	30	2723346448	wool	\N	\N	\N	1
75	30	2726396058	cotton	\N	\N	\N	2
76	31	2	Blue	\N	\N	\N	1
77	31	4	Green	\N	\N	\N	2
78	31	9	Red	\N	\N	\N	3
79	32	2723346448	wool	\N	\N	\N	1
80	32	2726396058	cotton	\N	\N	\N	2
81	33	2	Blue	\N	\N	\N	1
82	33	4	Green	\N	\N	\N	2
83	33	9	Red	\N	\N	\N	3
84	34	2723346448	wool	\N	\N	\N	1
85	34	2726396058	cotton	\N	\N	\N	2
86	35	2	Blue	\N	\N	\N	1
87	35	4	Green	\N	\N	\N	2
88	35	9	Red	\N	\N	\N	3
89	36	2723346448	wool	\N	\N	\N	1
90	36	2726396058	cotton	\N	\N	\N	2
91	37	2	Blue	\N	\N	\N	1
92	37	4	Green	\N	\N	\N	2
93	37	9	Red	\N	\N	\N	3
94	38	2723346448	wool	\N	\N	\N	1
95	38	2726396058	cotton	\N	\N	\N	2
96	39	2	Blue	\N	\N	\N	1
97	39	4	Green	\N	\N	\N	2
98	39	9	Red	\N	\N	\N	3
99	40	2723346448	wool	\N	\N	\N	1
100	40	2726396058	cotton	\N	\N	\N	2
101	41	2	Blue	\N	\N	\N	1
102	41	4	Green	\N	\N	\N	2
103	41	9	Red	\N	\N	\N	3
104	42	2723346448	wool	\N	\N	\N	1
105	42	2726396058	cotton	\N	\N	\N	2
106	43	2	Blue	\N	\N	\N	1
107	43	4	Green	\N	\N	\N	2
108	43	9	Red	\N	\N	\N	3
109	44	2723346448	wool	\N	\N	\N	1
110	44	2726396058	cotton	\N	\N	\N	2
111	45	2	Blue	\N	\N	\N	1
112	45	4	Green	\N	\N	\N	2
113	45	9	Red	\N	\N	\N	3
114	46	2723346448	wool	\N	\N	\N	1
115	46	2726396058	cotton	\N	\N	\N	2
116	47	2	Blue	\N	\N	\N	1
117	47	4	Green	\N	\N	\N	2
118	47	9	Red	\N	\N	\N	3
119	48	2723346448	wool	\N	\N	\N	1
120	48	2726396058	cotton	\N	\N	\N	2
121	49	2	Blue	\N	\N	\N	1
122	49	4	Green	\N	\N	\N	2
123	49	9	Red	\N	\N	\N	3
124	50	2723346448	wool	\N	\N	\N	1
125	50	2726396058	cotton	\N	\N	\N	2
126	51	2	Blue	\N	\N	\N	1
127	51	4	Green	\N	\N	\N	2
128	51	9	Red	\N	\N	\N	3
129	52	2723346448	wool	\N	\N	\N	1
130	52	2726396058	cotton	\N	\N	\N	2
131	53	2	Blue	\N	\N	\N	1
132	53	4	Green	\N	\N	\N	2
133	53	9	Red	\N	\N	\N	3
134	54	2723346448	wool	\N	\N	\N	1
135	54	2726396058	cotton	\N	\N	\N	2
136	55	2	Blue	\N	\N	\N	1
137	55	4	Green	\N	\N	\N	2
138	55	9	Red	\N	\N	\N	3
139	56	2723346448	wool	\N	\N	\N	1
140	56	2726396058	cotton	\N	\N	\N	2
141	57	2	Blue	\N	\N	\N	1
142	57	4	Green	\N	\N	\N	2
143	57	9	Red	\N	\N	\N	3
144	58	2723346448	wool	\N	\N	\N	1
145	58	2726396058	cotton	\N	\N	\N	2
146	59	2	Blue	\N	\N	\N	1
147	59	4	Green	\N	\N	\N	2
148	59	9	Red	\N	\N	\N	3
149	60	2723346448	wool	\N	\N	\N	1
150	60	2726396058	cotton	\N	\N	\N	2
151	61	2	Blue	\N	\N	\N	1
152	61	4	Green	\N	\N	\N	2
153	61	9	Red	\N	\N	\N	3
154	62	2723346448	wool	\N	\N	\N	1
155	62	2726396058	cotton	\N	\N	\N	2
156	63	2	Blue	\N	\N	\N	1
157	63	4	Green	\N	\N	\N	2
158	63	9	Red	\N	\N	\N	3
159	64	2723346448	wool	\N	\N	\N	1
160	64	2726396058	cotton	\N	\N	\N	2
161	65	2	Blue	\N	\N	\N	1
162	65	4	Green	\N	\N	\N	2
163	65	9	Red	\N	\N	\N	3
164	66	2723346448	wool	\N	\N	\N	1
165	66	2726396058	cotton	\N	\N	\N	2
166	67	2	Blue	\N	\N	\N	1
167	67	4	Green	\N	\N	\N	2
168	67	9	Red	\N	\N	\N	3
169	68	2723346448	wool	\N	\N	\N	1
170	68	2726396058	cotton	\N	\N	\N	2
171	69	2	Blue	\N	\N	\N	1
172	69	4	Green	\N	\N	\N	2
173	69	9	Red	\N	\N	\N	3
174	70	2723346448	wool	\N	\N	\N	1
175	70	2726396058	cotton	\N	\N	\N	2
176	71	2	Blue	\N	\N	\N	1
177	71	4	Green	\N	\N	\N	2
178	71	9	Red	\N	\N	\N	3
179	72	2723346448	wool	\N	\N	\N	1
180	72	2726396058	cotton	\N	\N	\N	2
181	73	2	Blue	\N	\N	\N	1
182	73	4	Green	\N	\N	\N	2
183	73	9	Red	\N	\N	\N	3
184	74	2723346448	wool	\N	\N	\N	1
185	74	2726396058	cotton	\N	\N	\N	2
186	75	2	Blue	\N	\N	\N	1
187	75	4	Green	\N	\N	\N	2
188	75	9	Red	\N	\N	\N	3
189	76	2723346448	wool	\N	\N	\N	1
190	76	2726396058	cotton	\N	\N	\N	2
191	77	2	Blue	\N	\N	\N	1
192	77	4	Green	\N	\N	\N	2
193	77	9	Red	\N	\N	\N	3
194	78	2723346448	wool	\N	\N	\N	1
195	78	2726396058	cotton	\N	\N	\N	2
196	79	2	Blue	\N	\N	\N	1
197	79	4	Green	\N	\N	\N	2
198	79	9	Red	\N	\N	\N	3
199	80	2723346448	wool	\N	\N	\N	1
200	80	2726396058	cotton	\N	\N	\N	2
201	81	2	Blue	\N	\N	\N	1
202	81	4	Green	\N	\N	\N	2
203	81	9	Red	\N	\N	\N	3
204	82	2723346448	wool	\N	\N	\N	1
205	82	2726396058	cotton	\N	\N	\N	2
206	83	2	Blue	\N	\N	\N	1
207	83	4	Green	\N	\N	\N	2
208	83	9	Red	\N	\N	\N	3
209	84	2723346448	wool	\N	\N	\N	1
210	84	2726396058	cotton	\N	\N	\N	2
211	85	2	Blue	\N	\N	\N	1
212	85	4	Green	\N	\N	\N	2
213	85	9	Red	\N	\N	\N	3
214	86	2723346448	wool	\N	\N	\N	1
215	86	2726396058	cotton	\N	\N	\N	2
216	87	2	Blue	\N	\N	\N	1
217	87	4	Green	\N	\N	\N	2
218	87	9	Red	\N	\N	\N	3
219	88	2723346448	wool	\N	\N	\N	1
220	88	2726396058	cotton	\N	\N	\N	2
221	89	2	Blue	\N	\N	\N	1
222	89	4	Green	\N	\N	\N	2
223	89	9	Red	\N	\N	\N	3
224	90	2723346448	wool	\N	\N	\N	1
225	90	2726396058	cotton	\N	\N	\N	2
226	91	2	Blue	\N	\N	\N	1
227	91	4	Green	\N	\N	\N	2
228	91	9	Red	\N	\N	\N	3
229	92	2723346448	wool	\N	\N	\N	1
230	92	2726396058	cotton	\N	\N	\N	2
231	93	2	Blue	\N	\N	\N	1
232	93	4	Green	\N	\N	\N	2
233	93	9	Red	\N	\N	\N	3
234	94	2723346448	wool	\N	\N	\N	1
235	94	2726396058	cotton	\N	\N	\N	2
236	95	2	Blue	\N	\N	\N	1
237	95	4	Green	\N	\N	\N	2
238	95	9	Red	\N	\N	\N	3
239	96	2723346448	wool	\N	\N	\N	1
240	96	2726396058	cotton	\N	\N	\N	2
241	97	2	Blue	\N	\N	\N	1
242	97	4	Green	\N	\N	\N	2
243	97	9	Red	\N	\N	\N	3
244	98	2723346448	wool	\N	\N	\N	1
245	98	2726396058	cotton	\N	\N	\N	2
246	99	2	Blue	\N	\N	\N	1
247	99	4	Green	\N	\N	\N	2
248	99	9	Red	\N	\N	\N	3
249	100	2723346448	wool	\N	\N	\N	1
250	100	2726396058	cotton	\N	\N	\N	2
251	101	2	Blue	\N	\N	\N	1
252	101	4	Green	\N	\N	\N	2
253	101	9	Red	\N	\N	\N	3
254	102	2723346448	wool	\N	\N	\N	1
255	102	2726396058	cotton	\N	\N	\N	2
256	103	2	Blue	\N	\N	\N	1
257	103	4	Green	\N	\N	\N	2
258	103	9	Red	\N	\N	\N	3
259	104	2723346448	wool	\N	\N	\N	1
260	104	2726396058	cotton	\N	\N	\N	2
276	111	2	Blue	\N	\N	\N	1
277	111	4	Green	\N	\N	\N	2
278	111	9	Red	\N	\N	\N	3
279	112	2723346448	wool	\N	\N	\N	1
280	112	2726396058	cotton	\N	\N	\N	2
296	119	2	Blue	\N	\N	\N	1
297	119	4	Green	\N	\N	\N	2
298	119	9	Red	\N	\N	\N	3
299	120	2723346448	wool	\N	\N	\N	1
300	120	2726396058	cotton	\N	\N	\N	2
316	127	2	Blue	\N	\N	\N	1
317	127	4	Green	\N	\N	\N	2
318	127	9	Red	\N	\N	\N	3
319	128	2723346448	wool	\N	\N	\N	1
320	128	2726396058	cotton	\N	\N	\N	2
336	135	2	Blue	\N	\N	\N	1
337	135	4	Green	\N	\N	\N	2
338	135	9	Red	\N	\N	\N	3
339	136	2723346448	wool	\N	\N	\N	1
340	136	2726396058	cotton	\N	\N	\N	2
356	143	2	Blue	\N	\N	\N	1
357	143	4	Green	\N	\N	\N	2
358	143	9	Red	\N	\N	\N	3
359	144	2723346448	wool	\N	\N	\N	1
360	144	2726396058	cotton	\N	\N	\N	2
376	151	2	Blue	\N	\N	\N	1
377	151	4	Green	\N	\N	\N	2
378	151	9	Red	\N	\N	\N	3
379	152	2723346448	wool	\N	\N	\N	1
380	152	2726396058	cotton	\N	\N	\N	2
396	159	2	Blue	\N	\N	\N	1
397	159	4	Green	\N	\N	\N	2
398	159	9	Red	\N	\N	\N	3
399	160	2723346448	wool	\N	\N	\N	1
400	160	2726396058	cotton	\N	\N	\N	2
416	167	2	Blue	\N	\N	\N	1
417	167	4	Green	\N	\N	\N	2
418	167	9	Red	\N	\N	\N	3
419	168	2723346448	wool	\N	\N	\N	1
420	168	2726396058	cotton	\N	\N	\N	2
261	105	2	Blue	\N	\N	\N	1
262	105	4	Green	\N	\N	\N	2
263	105	9	Red	\N	\N	\N	3
264	106	2723346448	wool	\N	\N	\N	1
265	106	2726396058	cotton	\N	\N	\N	2
281	113	2	Blue	\N	\N	\N	1
282	113	4	Green	\N	\N	\N	2
283	113	9	Red	\N	\N	\N	3
284	114	2723346448	wool	\N	\N	\N	1
285	114	2726396058	cotton	\N	\N	\N	2
301	121	2	Blue	\N	\N	\N	1
302	121	4	Green	\N	\N	\N	2
303	121	9	Red	\N	\N	\N	3
304	122	2723346448	wool	\N	\N	\N	1
305	122	2726396058	cotton	\N	\N	\N	2
321	129	2	Blue	\N	\N	\N	1
322	129	4	Green	\N	\N	\N	2
323	129	9	Red	\N	\N	\N	3
324	130	2723346448	wool	\N	\N	\N	1
325	130	2726396058	cotton	\N	\N	\N	2
341	137	2	Blue	\N	\N	\N	1
342	137	4	Green	\N	\N	\N	2
343	137	9	Red	\N	\N	\N	3
344	138	2723346448	wool	\N	\N	\N	1
345	138	2726396058	cotton	\N	\N	\N	2
361	145	2	Blue	\N	\N	\N	1
362	145	4	Green	\N	\N	\N	2
363	145	9	Red	\N	\N	\N	3
364	146	2723346448	wool	\N	\N	\N	1
365	146	2726396058	cotton	\N	\N	\N	2
381	153	2	Blue	\N	\N	\N	1
382	153	4	Green	\N	\N	\N	2
383	153	9	Red	\N	\N	\N	3
384	154	2723346448	wool	\N	\N	\N	1
385	154	2726396058	cotton	\N	\N	\N	2
401	161	2	Blue	\N	\N	\N	1
402	161	4	Green	\N	\N	\N	2
403	161	9	Red	\N	\N	\N	3
404	162	2723346448	wool	\N	\N	\N	1
405	162	2726396058	cotton	\N	\N	\N	2
421	169	2	Blue	\N	\N	\N	1
422	169	4	Green	\N	\N	\N	2
423	169	9	Red	\N	\N	\N	3
424	170	2723346448	wool	\N	\N	\N	1
425	170	2726396058	cotton	\N	\N	\N	2
266	107	2	Blue	\N	\N	\N	1
267	107	4	Green	\N	\N	\N	2
268	107	9	Red	\N	\N	\N	3
269	108	2723346448	wool	\N	\N	\N	1
270	108	2726396058	cotton	\N	\N	\N	2
286	115	2	Blue	\N	\N	\N	1
287	115	4	Green	\N	\N	\N	2
288	115	9	Red	\N	\N	\N	3
289	116	2723346448	wool	\N	\N	\N	1
290	116	2726396058	cotton	\N	\N	\N	2
306	123	2	Blue	\N	\N	\N	1
307	123	4	Green	\N	\N	\N	2
308	123	9	Red	\N	\N	\N	3
309	124	2723346448	wool	\N	\N	\N	1
310	124	2726396058	cotton	\N	\N	\N	2
326	131	2	Blue	\N	\N	\N	1
327	131	4	Green	\N	\N	\N	2
328	131	9	Red	\N	\N	\N	3
329	132	2723346448	wool	\N	\N	\N	1
330	132	2726396058	cotton	\N	\N	\N	2
346	139	2	Blue	\N	\N	\N	1
347	139	4	Green	\N	\N	\N	2
348	139	9	Red	\N	\N	\N	3
349	140	2723346448	wool	\N	\N	\N	1
350	140	2726396058	cotton	\N	\N	\N	2
366	147	2	Blue	\N	\N	\N	1
367	147	4	Green	\N	\N	\N	2
368	147	9	Red	\N	\N	\N	3
369	148	2723346448	wool	\N	\N	\N	1
370	148	2726396058	cotton	\N	\N	\N	2
386	155	2	Blue	\N	\N	\N	1
387	155	4	Green	\N	\N	\N	2
388	155	9	Red	\N	\N	\N	3
389	156	2723346448	wool	\N	\N	\N	1
390	156	2726396058	cotton	\N	\N	\N	2
406	163	2	Blue	\N	\N	\N	1
407	163	4	Green	\N	\N	\N	2
408	163	9	Red	\N	\N	\N	3
409	164	2723346448	wool	\N	\N	\N	1
410	164	2726396058	cotton	\N	\N	\N	2
426	171	2	Blue	\N	\N	\N	1
427	171	4	Green	\N	\N	\N	2
428	171	9	Red	\N	\N	\N	3
429	172	2723346448	wool	\N	\N	\N	1
430	172	2726396058	cotton	\N	\N	\N	2
271	109	2	Blue	\N	\N	\N	1
272	109	4	Green	\N	\N	\N	2
273	109	9	Red	\N	\N	\N	3
274	110	2723346448	wool	\N	\N	\N	1
275	110	2726396058	cotton	\N	\N	\N	2
291	117	2	Blue	\N	\N	\N	1
292	117	4	Green	\N	\N	\N	2
293	117	9	Red	\N	\N	\N	3
294	118	2723346448	wool	\N	\N	\N	1
295	118	2726396058	cotton	\N	\N	\N	2
311	125	2	Blue	\N	\N	\N	1
312	125	4	Green	\N	\N	\N	2
313	125	9	Red	\N	\N	\N	3
314	126	2723346448	wool	\N	\N	\N	1
315	126	2726396058	cotton	\N	\N	\N	2
331	133	2	Blue	\N	\N	\N	1
332	133	4	Green	\N	\N	\N	2
333	133	9	Red	\N	\N	\N	3
334	134	2723346448	wool	\N	\N	\N	1
335	134	2726396058	cotton	\N	\N	\N	2
351	141	2	Blue	\N	\N	\N	1
352	141	4	Green	\N	\N	\N	2
353	141	9	Red	\N	\N	\N	3
354	142	2723346448	wool	\N	\N	\N	1
355	142	2726396058	cotton	\N	\N	\N	2
371	149	2	Blue	\N	\N	\N	1
372	149	4	Green	\N	\N	\N	2
373	149	9	Red	\N	\N	\N	3
374	150	2723346448	wool	\N	\N	\N	1
375	150	2726396058	cotton	\N	\N	\N	2
391	157	2	Blue	\N	\N	\N	1
392	157	4	Green	\N	\N	\N	2
393	157	9	Red	\N	\N	\N	3
394	158	2723346448	wool	\N	\N	\N	1
395	158	2726396058	cotton	\N	\N	\N	2
411	165	2	Blue	\N	\N	\N	1
412	165	4	Green	\N	\N	\N	2
413	165	9	Red	\N	\N	\N	3
414	166	2723346448	wool	\N	\N	\N	1
415	166	2726396058	cotton	\N	\N	\N	2
431	173	2	Blue	\N	\N	\N	1
432	173	4	Green	\N	\N	\N	2
433	173	9	Red	\N	\N	\N	3
434	174	2723346448	wool	\N	\N	\N	1
435	174	2726396058	cotton	\N	\N	\N	2
436	175	2	Blue	\N	\N	\N	1
437	175	4	Green	\N	\N	\N	2
438	175	9	Red	\N	\N	\N	3
439	176	2723346448	wool	\N	\N	\N	1
440	176	2726396058	cotton	\N	\N	\N	2
441	177	2	Blue	\N	\N	\N	1
442	177	4	Green	\N	\N	\N	2
443	177	9	Red	\N	\N	\N	3
444	178	2723346448	wool	\N	\N	\N	1
445	178	2726396058	cotton	\N	\N	\N	2
446	179	2	Blue	\N	\N	\N	1
447	179	4	Green	\N	\N	\N	2
448	179	9	Red	\N	\N	\N	3
449	180	2723346448	wool	\N	\N	\N	1
450	180	2726396058	cotton	\N	\N	\N	2
451	181	2	Blue	\N	\N	\N	1
452	181	4	Green	\N	\N	\N	2
453	181	9	Red	\N	\N	\N	3
454	182	2723346448	wool	\N	\N	\N	1
455	182	2726396058	cotton	\N	\N	\N	2
456	183	2	Blue	\N	\N	\N	1
457	183	4	Green	\N	\N	\N	2
458	183	9	Red	\N	\N	\N	3
459	184	2723346448	wool	\N	\N	\N	1
460	184	2726396058	cotton	\N	\N	\N	2
461	185	2	Blue	\N	\N	\N	1
462	185	4	Green	\N	\N	\N	2
463	185	9	Red	\N	\N	\N	3
464	186	2723346448	wool	\N	\N	\N	1
465	186	2726396058	cotton	\N	\N	\N	2
466	187	2	Blue	\N	\N	\N	1
467	187	4	Green	\N	\N	\N	2
468	187	9	Red	\N	\N	\N	3
469	188	2723346448	wool	\N	\N	\N	1
470	188	2726396058	cotton	\N	\N	\N	2
471	189	2	Blue	\N	\N	\N	1
472	189	4	Green	\N	\N	\N	2
473	189	9	Red	\N	\N	\N	3
474	190	2723346448	wool	\N	\N	\N	1
475	190	2726396058	cotton	\N	\N	\N	2
476	191	2	Blue	\N	\N	\N	1
477	191	4	Green	\N	\N	\N	2
478	191	9	Red	\N	\N	\N	3
479	192	2723346448	wool	\N	\N	\N	1
480	192	2726396058	cotton	\N	\N	\N	2
481	193	2	Blue	\N	\N	\N	1
482	193	4	Green	\N	\N	\N	2
483	193	9	Red	\N	\N	\N	3
484	194	2723346448	wool	\N	\N	\N	1
485	194	2726396058	cotton	\N	\N	\N	2
486	195	2	Blue	\N	\N	\N	1
487	195	4	Green	\N	\N	\N	2
488	195	9	Red	\N	\N	\N	3
489	196	2723346448	wool	\N	\N	\N	1
490	196	2726396058	cotton	\N	\N	\N	2
491	197	2	Blue	\N	\N	\N	1
492	197	4	Green	\N	\N	\N	2
493	197	9	Red	\N	\N	\N	3
494	198	2723346448	wool	\N	\N	\N	1
495	198	2726396058	cotton	\N	\N	\N	2
496	199	2	Blue	\N	\N	\N	1
497	199	4	Green	\N	\N	\N	2
498	199	9	Red	\N	\N	\N	3
499	200	2723346448	wool	\N	\N	\N	1
500	200	2726396058	cotton	\N	\N	\N	2
501	201	2	Blue	\N	\N	\N	1
502	201	4	Green	\N	\N	\N	2
503	201	9	Red	\N	\N	\N	3
504	202	2723346448	wool	\N	\N	\N	1
505	202	2726396058	cotton	\N	\N	\N	2
506	203	2	Blue	\N	\N	\N	1
507	203	4	Green	\N	\N	\N	2
508	203	9	Red	\N	\N	\N	3
509	204	2723346448	wool	\N	\N	\N	1
510	204	2726396058	cotton	\N	\N	\N	2
\.


--
-- Data for Name: product_offering_options; Type: TABLE DATA; Schema: public; Owner: hive_qa
--

COPY product_offering_options (id, product_offering_id, variation_option_id) FROM stdin;
1	1	1
2	1	4
3	2	1
4	2	5
5	3	2
6	3	4
7	4	2
8	4	5
9	5	3
10	5	4
11	6	3
12	6	5
13	7	6
14	7	9
15	8	6
16	8	10
17	9	7
18	9	9
19	10	7
20	10	10
21	11	8
22	11	9
23	12	8
24	12	10
25	13	11
26	13	14
27	14	11
28	14	15
29	15	12
30	15	14
31	16	12
32	16	15
33	17	13
34	17	14
35	18	13
36	18	15
37	19	16
38	19	19
39	20	16
40	20	20
41	21	17
42	21	19
43	22	17
44	22	20
45	23	18
46	23	19
47	24	18
48	24	20
49	25	21
50	25	24
51	26	21
52	26	25
53	27	22
54	27	24
55	28	22
56	28	25
57	29	23
58	29	24
59	30	23
60	30	25
61	31	26
62	31	29
63	32	26
64	32	30
65	33	27
66	33	29
67	34	27
68	34	30
69	35	28
70	35	29
71	36	28
72	36	30
73	37	31
74	37	34
75	38	31
76	38	35
77	39	32
78	39	34
79	40	32
80	40	35
81	41	33
82	41	34
83	42	33
84	42	35
85	43	36
86	43	39
87	44	36
88	44	40
89	45	37
90	45	39
91	46	37
92	46	40
93	47	38
94	47	39
95	48	38
96	48	40
97	49	41
98	49	44
99	50	41
100	50	45
101	51	42
102	51	44
103	52	42
104	52	45
105	53	43
106	53	44
107	54	43
108	54	45
109	55	46
110	55	49
111	56	46
112	56	50
113	57	47
114	57	49
115	58	47
116	58	50
117	59	48
118	59	49
119	60	48
120	60	50
121	61	51
122	61	54
123	62	51
124	62	55
125	63	52
126	63	54
127	64	52
128	64	55
129	65	53
130	65	54
131	66	53
132	66	55
133	67	56
134	67	59
135	68	56
136	68	60
137	69	57
138	69	59
139	70	57
140	70	60
141	71	58
142	71	59
143	72	58
144	72	60
145	73	61
146	73	64
147	74	61
148	74	65
149	75	62
150	75	64
151	76	62
152	76	65
153	77	63
154	77	64
155	78	63
156	78	65
157	79	66
158	79	69
159	80	66
160	80	70
161	81	67
162	81	69
163	82	67
164	82	70
165	83	68
166	83	69
167	84	68
168	84	70
205	103	86
206	103	89
207	104	86
208	104	90
209	105	87
210	105	89
211	106	87
212	106	90
213	107	88
214	107	89
215	108	88
216	108	90
253	127	106
254	127	109
255	128	106
256	128	110
257	129	107
258	129	109
259	130	107
260	130	110
261	131	108
262	131	109
263	132	108
264	132	110
301	151	126
302	151	129
303	152	126
304	152	130
305	153	127
306	153	129
307	154	127
308	154	130
309	155	128
310	155	129
311	156	128
312	156	130
169	85	71
170	85	74
171	86	71
172	86	75
173	87	72
174	87	74
175	88	72
176	88	75
177	89	73
178	89	74
179	90	73
180	90	75
217	109	91
218	109	94
219	110	91
220	110	95
221	111	92
222	111	94
223	112	92
224	112	95
225	113	93
226	113	94
227	114	93
228	114	95
265	133	111
266	133	114
267	134	111
268	134	115
269	135	112
270	135	114
271	136	112
272	136	115
273	137	113
274	137	114
275	138	113
276	138	115
313	157	131
314	157	134
315	158	131
316	158	135
317	159	132
318	159	134
319	160	132
320	160	135
321	161	133
322	161	134
323	162	133
324	162	135
181	91	76
182	91	79
183	92	76
184	92	80
185	93	77
186	93	79
187	94	77
188	94	80
189	95	78
190	95	79
191	96	78
192	96	80
229	115	96
230	115	99
231	116	96
232	116	100
233	117	97
234	117	99
235	118	97
236	118	100
237	119	98
238	119	99
239	120	98
240	120	100
277	139	116
278	139	119
279	140	116
280	140	120
281	141	117
282	141	119
283	142	117
284	142	120
285	143	118
286	143	119
287	144	118
288	144	120
325	163	136
326	163	139
327	164	136
328	164	140
329	165	137
330	165	139
331	166	137
332	166	140
333	167	138
334	167	139
335	168	138
336	168	140
193	97	81
194	97	84
195	98	81
196	98	85
197	99	82
198	99	84
199	100	82
200	100	85
201	101	83
202	101	84
203	102	83
204	102	85
241	121	101
242	121	104
243	122	101
244	122	105
245	123	102
246	123	104
247	124	102
248	124	105
249	125	103
250	125	104
251	126	103
252	126	105
289	145	121
290	145	124
291	146	121
292	146	125
293	147	122
294	147	124
295	148	122
296	148	125
297	149	123
298	149	124
299	150	123
300	150	125
337	169	141
338	169	144
339	170	141
340	170	145
341	171	142
342	171	144
343	172	142
344	172	145
345	173	143
346	173	144
347	174	143
348	174	145
349	175	146
350	175	149
351	176	146
352	176	150
353	177	147
354	177	149
355	178	147
356	178	150
357	179	148
358	179	149
359	180	148
360	180	150
361	181	151
362	181	154
363	182	151
364	182	155
365	183	152
366	183	154
367	184	152
368	184	155
369	185	153
370	185	154
371	186	153
372	186	155
373	187	156
374	187	159
375	188	156
376	188	160
377	189	157
378	189	159
379	190	157
380	190	160
381	191	158
382	191	159
383	192	158
384	192	160
385	193	161
386	193	164
387	194	161
388	194	165
389	195	162
390	195	164
391	196	162
392	196	165
393	197	163
394	197	164
395	198	163
396	198	165
397	199	166
398	199	169
399	200	166
400	200	170
401	201	167
402	201	169
403	202	167
404	202	170
405	203	168
406	203	169
407	204	168
408	204	170
409	205	171
410	205	174
411	206	171
412	206	175
413	207	172
414	207	174
415	208	172
416	208	175
417	209	173
418	209	174
419	210	173
420	210	175
421	211	176
422	211	179
423	212	176
424	212	180
425	213	177
426	213	179
427	214	177
428	214	180
429	215	178
430	215	179
431	216	178
432	216	180
433	217	181
434	217	184
435	218	181
436	218	185
437	219	182
438	219	184
439	220	182
440	220	185
441	221	183
442	221	184
443	222	183
444	222	185
445	223	186
446	223	189
447	224	186
448	224	190
449	225	187
450	225	189
451	226	187
452	226	190
453	227	188
454	227	189
455	228	188
456	228	190
457	229	191
458	229	194
459	230	191
460	230	195
461	231	192
462	231	194
463	232	192
464	232	195
465	233	193
466	233	194
467	234	193
468	234	195
505	253	211
506	253	214
507	254	211
508	254	215
509	255	212
510	255	214
511	256	212
512	256	215
513	257	213
514	257	214
515	258	213
516	258	215
553	277	231
554	277	234
555	278	231
556	278	235
557	279	232
558	279	234
559	280	232
560	280	235
561	281	233
562	281	234
563	282	233
564	282	235
601	301	251
602	301	254
603	302	251
604	302	255
605	303	252
606	303	254
607	304	252
608	304	255
609	305	253
610	305	254
611	306	253
612	306	255
649	325	271
650	325	274
651	326	271
652	326	275
653	327	272
654	327	274
655	328	272
656	328	275
657	329	273
658	329	274
659	330	273
660	330	275
697	349	291
698	349	294
699	350	291
700	350	295
701	351	292
702	351	294
703	352	292
704	352	295
705	353	293
706	353	294
707	354	293
708	354	295
745	373	311
746	373	314
747	374	311
748	374	315
749	375	312
750	375	314
751	376	312
752	376	315
753	377	313
754	377	314
755	378	313
756	378	315
793	397	331
794	397	334
795	398	331
796	398	335
797	399	332
798	399	334
799	400	332
800	400	335
801	401	333
802	401	334
803	402	333
804	402	335
841	421	351
842	421	354
843	422	351
844	422	355
845	423	352
846	423	354
847	424	352
848	424	355
849	425	353
850	425	354
851	426	353
852	426	355
889	445	371
890	445	374
891	446	371
892	446	375
893	447	372
894	447	374
895	448	372
896	448	375
897	449	373
898	449	374
899	450	373
900	450	375
937	469	391
938	469	394
939	470	391
940	470	395
941	471	392
942	471	394
943	472	392
944	472	395
945	473	393
946	473	394
947	474	393
948	474	395
985	493	411
986	493	414
987	494	411
988	494	415
989	495	412
990	495	414
991	496	412
992	496	415
993	497	413
994	497	414
995	498	413
996	498	415
469	235	196
470	235	199
471	236	196
472	236	200
473	237	197
474	237	199
475	238	197
476	238	200
477	239	198
478	239	199
479	240	198
480	240	200
517	259	216
518	259	219
519	260	216
520	260	220
521	261	217
522	261	219
523	262	217
524	262	220
525	263	218
526	263	219
527	264	218
528	264	220
565	283	236
566	283	239
567	284	236
568	284	240
569	285	237
570	285	239
571	286	237
572	286	240
573	287	238
574	287	239
575	288	238
576	288	240
613	307	256
614	307	259
615	308	256
616	308	260
617	309	257
618	309	259
619	310	257
620	310	260
621	311	258
622	311	259
623	312	258
624	312	260
661	331	276
662	331	279
663	332	276
664	332	280
665	333	277
666	333	279
667	334	277
668	334	280
669	335	278
670	335	279
671	336	278
672	336	280
709	355	296
710	355	299
711	356	296
712	356	300
713	357	297
714	357	299
715	358	297
716	358	300
717	359	298
718	359	299
719	360	298
720	360	300
757	379	316
758	379	319
759	380	316
760	380	320
761	381	317
762	381	319
763	382	317
764	382	320
765	383	318
766	383	319
767	384	318
768	384	320
805	403	336
806	403	339
807	404	336
808	404	340
809	405	337
810	405	339
811	406	337
812	406	340
813	407	338
814	407	339
815	408	338
816	408	340
853	427	356
854	427	359
855	428	356
856	428	360
857	429	357
858	429	359
859	430	357
860	430	360
861	431	358
862	431	359
863	432	358
864	432	360
901	451	376
902	451	379
903	452	376
904	452	380
905	453	377
906	453	379
907	454	377
908	454	380
909	455	378
910	455	379
911	456	378
912	456	380
949	475	396
950	475	399
951	476	396
952	476	400
953	477	397
954	477	399
955	478	397
956	478	400
957	479	398
958	479	399
959	480	398
960	480	400
997	499	416
998	499	419
999	500	416
1000	500	420
1001	501	417
1002	501	419
1003	502	417
1004	502	420
1005	503	418
1006	503	419
1007	504	418
1008	504	420
481	241	201
482	241	204
483	242	201
484	242	205
485	243	202
486	243	204
487	244	202
488	244	205
489	245	203
490	245	204
491	246	203
492	246	205
529	265	221
530	265	224
531	266	221
532	266	225
533	267	222
534	267	224
535	268	222
536	268	225
537	269	223
538	269	224
539	270	223
540	270	225
577	289	241
578	289	244
579	290	241
580	290	245
581	291	242
582	291	244
583	292	242
584	292	245
585	293	243
586	293	244
587	294	243
588	294	245
625	313	261
626	313	264
627	314	261
628	314	265
629	315	262
630	315	264
631	316	262
632	316	265
633	317	263
634	317	264
635	318	263
636	318	265
673	337	281
674	337	284
675	338	281
676	338	285
677	339	282
678	339	284
679	340	282
680	340	285
681	341	283
682	341	284
683	342	283
684	342	285
721	361	301
722	361	304
723	362	301
724	362	305
725	363	302
726	363	304
727	364	302
728	364	305
729	365	303
730	365	304
731	366	303
732	366	305
769	385	321
770	385	324
771	386	321
772	386	325
773	387	322
774	387	324
775	388	322
776	388	325
777	389	323
778	389	324
779	390	323
780	390	325
817	409	341
818	409	344
819	410	341
820	410	345
821	411	342
822	411	344
823	412	342
824	412	345
825	413	343
826	413	344
827	414	343
828	414	345
865	433	361
866	433	364
867	434	361
868	434	365
869	435	362
870	435	364
871	436	362
872	436	365
873	437	363
874	437	364
875	438	363
876	438	365
913	457	381
914	457	384
915	458	381
916	458	385
917	459	382
918	459	384
919	460	382
920	460	385
921	461	383
922	461	384
923	462	383
924	462	385
961	481	401
962	481	404
963	482	401
964	482	405
965	483	402
966	483	404
967	484	402
968	484	405
969	485	403
970	485	404
971	486	403
972	486	405
1009	505	421
1010	505	424
1011	506	421
1012	506	425
1013	507	422
1014	507	424
1015	508	422
1016	508	425
1017	509	423
1018	509	424
1019	510	423
1020	510	425
493	247	206
494	247	209
495	248	206
496	248	210
497	249	207
498	249	209
499	250	207
500	250	210
501	251	208
502	251	209
503	252	208
504	252	210
541	271	226
542	271	229
543	272	226
544	272	230
545	273	227
546	273	229
547	274	227
548	274	230
549	275	228
550	275	229
551	276	228
552	276	230
589	295	246
590	295	249
591	296	246
592	296	250
593	297	247
594	297	249
595	298	247
596	298	250
597	299	248
598	299	249
599	300	248
600	300	250
637	319	266
638	319	269
639	320	266
640	320	270
641	321	267
642	321	269
643	322	267
644	322	270
645	323	268
646	323	269
647	324	268
648	324	270
685	343	286
686	343	289
687	344	286
688	344	290
689	345	287
690	345	289
691	346	287
692	346	290
693	347	288
694	347	289
695	348	288
696	348	290
733	367	306
734	367	309
735	368	306
736	368	310
737	369	307
738	369	309
739	370	307
740	370	310
741	371	308
742	371	309
743	372	308
744	372	310
781	391	326
782	391	329
783	392	326
784	392	330
785	393	327
786	393	329
787	394	327
788	394	330
789	395	328
790	395	329
791	396	328
792	396	330
829	415	346
830	415	349
831	416	346
832	416	350
833	417	347
834	417	349
835	418	347
836	418	350
837	419	348
838	419	349
839	420	348
840	420	350
877	439	366
878	439	369
879	440	366
880	440	370
881	441	367
882	441	369
883	442	367
884	442	370
885	443	368
886	443	369
887	444	368
888	444	370
925	463	386
926	463	389
927	464	386
928	464	390
929	465	387
930	465	389
931	466	387
932	466	390
933	467	388
934	467	389
935	468	388
936	468	390
973	487	406
974	487	409
975	488	406
976	488	410
977	489	407
978	489	409
979	490	407
980	490	410
981	491	408
982	491	409
983	492	408
984	492	410
1021	511	426
1022	511	429
1023	512	426
1024	512	430
1025	513	427
1026	513	429
1027	514	427
1028	514	430
1029	515	428
1030	515	429
1031	516	428
1032	516	430
1033	517	431
1034	517	434
1035	518	431
1036	518	435
1037	519	432
1038	519	434
1039	520	432
1040	520	435
1041	521	433
1042	521	434
1043	522	433
1044	522	435
1045	523	436
1046	523	439
1047	524	436
1048	524	440
1049	525	437
1050	525	439
1051	526	437
1052	526	440
1053	527	438
1054	527	439
1055	528	438
1056	528	440
1057	529	441
1058	529	444
1059	530	441
1060	530	445
1061	531	442
1062	531	444
1063	532	442
1064	532	445
1065	533	443
1066	533	444
1067	534	443
1068	534	445
1069	535	446
1070	535	449
1071	536	446
1072	536	450
1073	537	447
1074	537	449
1075	538	447
1076	538	450
1077	539	448
1078	539	449
1079	540	448
1080	540	450
1093	547	456
1094	547	459
1095	548	456
1096	548	460
1097	549	457
1098	549	459
1099	550	457
1100	550	460
1101	551	458
1102	551	459
1103	552	458
1104	552	460
1105	553	461
1106	553	464
1107	554	461
1108	554	465
1109	555	462
1110	555	464
1111	556	462
1112	556	465
1113	557	463
1114	557	464
1115	558	463
1116	558	465
1117	559	466
1118	559	469
1119	560	466
1120	560	470
1121	561	467
1122	561	469
1123	562	467
1124	562	470
1125	563	468
1126	563	469
1127	564	468
1128	564	470
1141	571	476
1142	571	479
1143	572	476
1144	572	480
1145	573	477
1146	573	479
1147	574	477
1148	574	480
1149	575	478
1150	575	479
1151	576	478
1152	576	480
1153	577	481
1154	577	484
1155	578	481
1156	578	485
1157	579	482
1158	579	484
1159	580	482
1160	580	485
1161	581	483
1162	581	484
1163	582	483
1164	582	485
1165	583	486
1166	583	489
1167	584	486
1168	584	490
1169	585	487
1170	585	489
1171	586	487
1172	586	490
1173	587	488
1174	587	489
1175	588	488
1176	588	490
1189	595	496
1190	595	499
1191	596	496
1192	596	500
1193	597	497
1194	597	499
1195	598	497
1196	598	500
1197	599	498
1198	599	499
1199	600	498
1200	600	500
1201	601	501
1202	601	504
1203	602	501
1204	602	505
1205	603	502
1206	603	504
1207	604	502
1208	604	505
1209	605	503
1210	605	504
1211	606	503
1212	606	505
1213	607	506
1214	607	509
1215	608	506
1216	608	510
1217	609	507
1218	609	509
1219	610	507
1220	610	510
1221	611	508
1222	611	509
1223	612	508
1224	612	510
1081	541	451
1082	541	454
1083	542	451
1084	542	455
1085	543	452
1086	543	454
1087	544	452
1088	544	455
1089	545	453
1090	545	454
1091	546	453
1092	546	455
1129	565	471
1130	565	474
1131	566	471
1132	566	475
1133	567	472
1134	567	474
1135	568	472
1136	568	475
1137	569	473
1138	569	474
1139	570	473
1140	570	475
1177	589	491
1178	589	494
1179	590	491
1180	590	495
1181	591	492
1182	591	494
1183	592	492
1184	592	495
1185	593	493
1186	593	494
1187	594	493
1188	594	495
\.


--
-- Name: product_properties_id_seq; Type: SEQUENCE SET; Schema: public; Owner: hive_qa
--

SELECT pg_catalog.setval('product_properties_id_seq', 1, false);


--
-- Name: shop_id_seq; Type: SEQUENCE SET; Schema: public; Owner: hive_qa
--

SELECT pg_catalog.setval('shop_id_seq', 2, true);


--
-- Data for Name: shop_sections; Type: TABLE DATA; Schema: public; Owner: hive_qa
--

COPY shop_sections (id, shop_id, section_id, value) FROM stdin;
1	2	15183328	On Sale
2	2	15180189	Holiday Gifts
3	2	17365192	Summer Sale
4	2	18790753	de
5	2	18787742	bbbaa
6	2	18790755	eeee
\.


--
-- Name: shop_sections_id_seq; Type: SEQUENCE SET; Schema: public; Owner: hive_qa
--

SELECT pg_catalog.setval('shop_sections_id_seq', 6, true);


--
-- Data for Name: shopify_products; Type: TABLE DATA; Schema: public; Owner: hive_qa
--

COPY shopify_products (id, shop_id, product_id, title, body_html, photos, updated_at, _hive_is_invalid, _hive_invalid_reason, _hive_modified_by_hive, _hive_updated_at, changed_properties, last_sync, tags, product_type, vendor, published_at) FROM stdin;
\.


--
-- Name: shopify_products_id_seq; Type: SEQUENCE SET; Schema: public; Owner: hive_qa
--

SELECT pg_catalog.setval('shopify_products_id_seq', 1, false);


--
-- Data for Name: sync_shop; Type: TABLE DATA; Schema: public; Owner: hive_qa
--

COPY sync_shop (shop_id, product_id, created_at) FROM stdin;
\.


--
-- Data for Name: task_queue; Type: TABLE DATA; Schema: public; Owner: hive_qa
--

COPY task_queue (id, company_id, channel_id, operation, operation_data, created_at, state, state_expires_at, retry, parent_id, suspension_point, result, modified) FROM stdin;
\.


--
-- Name: task_queue_id_seq; Type: SEQUENCE SET; Schema: public; Owner: hive_qa
--

SELECT pg_catalog.setval('task_queue_id_seq', 1, false);


--
-- Data for Name: user_profiles; Type: TABLE DATA; Schema: public; Owner: hive_qa
--

COPY user_profiles (user_id, property_name, property_value, modified_at) FROM stdin;
1	introVideoModalOpen	false	2016-06-27 15:49:36.972082+02
1	last_seen_shop	2	2018-01-03 17:13:57.232883+01
1	syncStatusModalSeen	true	2018-01-03 17:15:47.005597+01
\.


--
-- Name: variation_id_seq; Type: SEQUENCE SET; Schema: public; Owner: hive_qa
--

SELECT pg_catalog.setval('variation_id_seq', 204, true);


--
-- Name: variation_option_id_seq; Type: SEQUENCE SET; Schema: public; Owner: hive_qa
--

SELECT pg_catalog.setval('variation_option_id_seq', 510, true);


--
-- Data for Name: vela_images; Type: TABLE DATA; Schema: public; Owner: hive_qa
--

COPY vela_images (id, hash, mime) FROM stdin;
\.


--
-- Name: vela_images_id_seq; Type: SEQUENCE SET; Schema: public; Owner: hive_qa
--

SELECT pg_catalog.setval('vela_images_id_seq', 1, false);


--
-- PostgreSQL database dump complete
--

COMMIT;
